INSERT INTO `tripulaciones`.`tbVoting`(`idVoting`, `idEmployee`,`idCompany`,`previousDay`,`previousDayScore`,`currentDay`,`currentDayScore`) VALUES (1, 1, 1, '2022-12-31', 1, '2023-01-01', 2);
INSERT INTO `tripulaciones`.`tbVoting`(`idVoting`, `idEmployee`,`idCompany`,`previousDay`,`previousDayScore`,`currentDay`,`currentDayScore`) VALUES (2, 1, 1, '2023-01-01', 2, '2023-01-02', 1);
INSERT INTO `tripulaciones`.`tbVoting`(`idVoting`, `idEmployee`,`idCompany`,`previousDay`,`previousDayScore`,`currentDay`,`currentDayScore`) VALUES (3, 1, 1, '2023-01-02', 5, '2023-01-03', 3);
INSERT INTO `tripulaciones`.`tbVotingFeelings`(`idFeeling`,`idVoting`) VALUES (18, 3);
INSERT INTO `tripulaciones`.`tbVotingReasons`(`idVoting`,`idReason`) VALUES (3, 8);
INSERT INTO `tripulaciones`.`tbVotingFeelings`(`idFeeling`,`idVoting`) VALUES (1, 3);
INSERT INTO `tripulaciones`.`tbVotingReasons`(`idVoting`,`idReason`) VALUES (3, 4);
INSERT INTO `tripulaciones`.`tbVotingFeelings`(`idFeeling`,`idVoting`) VALUES (3, 3);
INSERT INTO `tripulaciones`.`tbVotingReasons`(`idVoting`,`idReason`) VALUES (3, 7);
INSERT INTO `tripulaciones`.`tbVoting`(`idVoting`, `idEmployee`,`idCompany`,`previousDay`,`previousDayScore`,`currentDay`,`currentDayScore`) VALUES (4, 1, 1, '2023-01-03', 3, '2023-01-04', 3);
INSERT INTO `tripulaciones`.`tbVoting`(`idVoting`, `idEmployee`,`idCompany`,`previousDay`,`previousDayScore`,`currentDay`,`currentDayScore`) VALUES (5, 1, 1, '2023-01-04', 3, '2023-01-05', 3);
INSERT INTO `tripulaciones`.`tbVoting`(`idVoting`, `idEmployee`,`idCompany`,`previousDay`,`previousDayScore`,`currentDay`,`currentDayScore`) VALUES (6, 1, 1, '2023-01-05', 3, '2023-01-06', 1);
INSERT INTO `tripulaciones`.`tbVotingFeelings`(`idFeeling`,`idVoting`) VALUES (12, 6);
INSERT INTO `tripulaciones`.`tbVotingReasons`(`idVoting`,`idReason`) VALUES (6, 6);
INSERT INTO `tripulaciones`.`tbVotingFeelings`(`idFeeling`,`idVoting`) VALUES (28, 6);
INSERT INTO `tripulaciones`.`tbVotingReasons`(`idVoting`,`idReason`) VALUES (6, 11);
INSERT INTO `tripulaciones`.`tbVoting`(`idVoting`, `idEmployee`,`idCompany`,`previousDay`,`previousDayScore`,`currentDay`,`currentDayScore`) VALUES (7, 1, 1, '2023-01-06', 3, '2023-01-07', 5);
INSERT INTO `tripulaciones`.`tbVoting`(`idVoting`, `idEmployee`,`idCompany`,`previousDay`,`previousDayScore`,`currentDay`,`currentDayScore`) VALUES (8, 1, 1, '2023-01-07', 3, '2023-01-08', 3);
INSERT INTO `tripulaciones`.`tbVoting`(`idVoting`, `idEmployee`,`idCompany`,`previousDay`,`previousDayScore`,`currentDay`,`currentDayScore`) VALUES (9, 1, 1, '2023-01-08', 3, '2023-01-09', 4);
INSERT INTO `tripulaciones`.`tbVotingFeelings`(`idFeeling`,`idVoting`) VALUES (1, 9);
INSERT INTO `tripulaciones`.`tbVotingReasons`(`idVoting`,`idReason`) VALUES (9, 7);
INSERT INTO `tripulaciones`.`tbVotingFeelings`(`idFeeling`,`idVoting`) VALUES (21, 9);
INSERT INTO `tripulaciones`.`tbVotingReasons`(`idVoting`,`idReason`) VALUES (9, 5);
INSERT INTO `tripulaciones`.`tbVoting`(`idVoting`, `idEmployee`,`idCompany`,`previousDay`,`previousDayScore`,`currentDay`,`currentDayScore`) VALUES (10, 1, 1, '2023-01-09', 1, '2023-01-10', 4);
INSERT INTO `tripulaciones`.`tbVoting`(`idVoting`, `idEmployee`,`idCompany`,`previousDay`,`previousDayScore`,`currentDay`,`currentDayScore`) VALUES (11, 1, 1, '2023-01-10', 4, '2023-01-11', 1);
INSERT INTO `tripulaciones`.`tbVoting`(`idVoting`, `idEmployee`,`idCompany`,`previousDay`,`previousDayScore`,`currentDay`,`currentDayScore`) VALUES (12, 1, 1, '2023-01-11', 2, '2023-01-12', 3);
INSERT INTO `tripulaciones`.`tbVotingFeelings`(`idFeeling`,`idVoting`) VALUES (27, 12);
INSERT INTO `tripulaciones`.`tbVotingReasons`(`idVoting`,`idReason`) VALUES (12, 6);
INSERT INTO `tripulaciones`.`tbVotingFeelings`(`idFeeling`,`idVoting`) VALUES (2, 12);
INSERT INTO `tripulaciones`.`tbVotingReasons`(`idVoting`,`idReason`) VALUES (12, 11);
INSERT INTO `tripulaciones`.`tbVotingFeelings`(`idFeeling`,`idVoting`) VALUES (12, 12);
INSERT INTO `tripulaciones`.`tbVotingReasons`(`idVoting`,`idReason`) VALUES (12, 7);
INSERT INTO `tripulaciones`.`tbVoting`(`idVoting`, `idEmployee`,`idCompany`,`previousDay`,`previousDayScore`,`currentDay`,`currentDayScore`) VALUES (13, 1, 1, '2023-01-12', 3, '2023-01-13', 3);
INSERT INTO `tripulaciones`.`tbVoting`(`idVoting`, `idEmployee`,`idCompany`,`previousDay`,`previousDayScore`,`currentDay`,`currentDayScore`) VALUES (14, 1, 1, '2023-01-13', 3, '2023-01-14', 5);
INSERT INTO `tripulaciones`.`tbVoting`(`idVoting`, `idEmployee`,`idCompany`,`previousDay`,`previousDayScore`,`currentDay`,`currentDayScore`) VALUES (15, 1, 1, '2023-01-14', 3, '2023-01-15', 3);
INSERT INTO `tripulaciones`.`tbVotingFeelings`(`idFeeling`,`idVoting`) VALUES (4, 15);
INSERT INTO `tripulaciones`.`tbVotingReasons`(`idVoting`,`idReason`) VALUES (15, 12);
INSERT INTO `tripulaciones`.`tbVotingFeelings`(`idFeeling`,`idVoting`) VALUES (2, 15);
INSERT INTO `tripulaciones`.`tbVotingReasons`(`idVoting`,`idReason`) VALUES (15, 11);
INSERT INTO `tripulaciones`.`tbVotingFeelings`(`idFeeling`,`idVoting`) VALUES (28, 15);
INSERT INTO `tripulaciones`.`tbVotingReasons`(`idVoting`,`idReason`) VALUES (15, 4);
INSERT INTO `tripulaciones`.`tbVoting`(`idVoting`, `idEmployee`,`idCompany`,`previousDay`,`previousDayScore`,`currentDay`,`currentDayScore`) VALUES (16, 1, 1, '2023-01-15', 3, '2023-01-16', 3);
INSERT INTO `tripulaciones`.`tbVoting`(`idVoting`, `idEmployee`,`idCompany`,`previousDay`,`previousDayScore`,`currentDay`,`currentDayScore`) VALUES (17, 1, 1, '2023-01-16', 1, '2023-01-17', 4);
INSERT INTO `tripulaciones`.`tbVoting`(`idVoting`, `idEmployee`,`idCompany`,`previousDay`,`previousDayScore`,`currentDay`,`currentDayScore`) VALUES (18, 1, 1, '2023-01-17', 3, '2023-01-18', 1);
INSERT INTO `tripulaciones`.`tbVotingFeelings`(`idFeeling`,`idVoting`) VALUES (30, 18);
INSERT INTO `tripulaciones`.`tbVotingReasons`(`idVoting`,`idReason`) VALUES (18, 7);
INSERT INTO `tripulaciones`.`tbVotingFeelings`(`idFeeling`,`idVoting`) VALUES (12, 18);
INSERT INTO `tripulaciones`.`tbVotingReasons`(`idVoting`,`idReason`) VALUES (18, 6);
INSERT INTO `tripulaciones`.`tbVoting`(`idVoting`, `idEmployee`,`idCompany`,`previousDay`,`previousDayScore`,`currentDay`,`currentDayScore`) VALUES (19, 1, 1, '2023-01-18', 3, '2023-01-19', 3);
INSERT INTO `tripulaciones`.`tbVoting`(`idVoting`, `idEmployee`,`idCompany`,`previousDay`,`previousDayScore`,`currentDay`,`currentDayScore`) VALUES (20, 1, 1, '2023-01-19', 5, '2023-01-20', 2);
INSERT INTO `tripulaciones`.`tbVoting`(`idVoting`, `idEmployee`,`idCompany`,`previousDay`,`previousDayScore`,`currentDay`,`currentDayScore`) VALUES (21, 1, 1, '2023-01-20', 2, '2023-01-21', 3);
INSERT INTO `tripulaciones`.`tbVotingFeelings`(`idFeeling`,`idVoting`) VALUES (5, 21);
INSERT INTO `tripulaciones`.`tbVotingReasons`(`idVoting`,`idReason`) VALUES (21, 6);
INSERT INTO `tripulaciones`.`tbVotingFeelings`(`idFeeling`,`idVoting`) VALUES (3, 21);
INSERT INTO `tripulaciones`.`tbVotingReasons`(`idVoting`,`idReason`) VALUES (21, 7);
INSERT INTO `tripulaciones`.`tbVotingFeelings`(`idFeeling`,`idVoting`) VALUES (9, 21);
INSERT INTO `tripulaciones`.`tbVotingReasons`(`idVoting`,`idReason`) VALUES (21, 12);
INSERT INTO `tripulaciones`.`tbVoting`(`idVoting`, `idEmployee`,`idCompany`,`previousDay`,`previousDayScore`,`currentDay`,`currentDayScore`) VALUES (22, 1, 1, '2023-01-21', 3, '2023-01-22', 1);
INSERT INTO `tripulaciones`.`tbVoting`(`idVoting`, `idEmployee`,`idCompany`,`previousDay`,`previousDayScore`,`currentDay`,`currentDayScore`) VALUES (23, 1, 1, '2023-01-22', 3, '2023-01-23', 1);
INSERT INTO `tripulaciones`.`tbVoting`(`idVoting`, `idEmployee`,`idCompany`,`previousDay`,`previousDayScore`,`currentDay`,`currentDayScore`) VALUES (24, 1, 1, '2023-01-23', 5, '2023-01-24', 1);
INSERT INTO `tripulaciones`.`tbVotingFeelings`(`idFeeling`,`idVoting`) VALUES (17, 24);
INSERT INTO `tripulaciones`.`tbVotingReasons`(`idVoting`,`idReason`) VALUES (24, 1);
INSERT INTO `tripulaciones`.`tbVotingFeelings`(`idFeeling`,`idVoting`) VALUES (31, 24);
INSERT INTO `tripulaciones`.`tbVotingReasons`(`idVoting`,`idReason`) VALUES (24, 5);
INSERT INTO `tripulaciones`.`tbVoting`(`idVoting`, `idEmployee`,`idCompany`,`previousDay`,`previousDayScore`,`currentDay`,`currentDayScore`) VALUES (25, 1, 1, '2023-01-24', 3, '2023-01-25', 3);
INSERT INTO `tripulaciones`.`tbVoting`(`idVoting`, `idEmployee`,`idCompany`,`previousDay`,`previousDayScore`,`currentDay`,`currentDayScore`) VALUES (26, 1, 1, '2023-01-25', 3, '2023-01-26', 3);
INSERT INTO `tripulaciones`.`tbVoting`(`idVoting`, `idEmployee`,`idCompany`,`previousDay`,`previousDayScore`,`currentDay`,`currentDayScore`) VALUES (27, 1, 1, '2023-01-26', 3, '2023-01-27', 4);
INSERT INTO `tripulaciones`.`tbVotingFeelings`(`idFeeling`,`idVoting`) VALUES (31, 27);
INSERT INTO `tripulaciones`.`tbVotingReasons`(`idVoting`,`idReason`) VALUES (27, 7);
INSERT INTO `tripulaciones`.`tbVoting`(`idVoting`, `idEmployee`,`idCompany`,`previousDay`,`previousDayScore`,`currentDay`,`currentDayScore`) VALUES (28, 1, 1, '2023-01-27', 3, '2023-01-28', 2);
INSERT INTO `tripulaciones`.`tbVoting`(`idVoting`, `idEmployee`,`idCompany`,`previousDay`,`previousDayScore`,`currentDay`,`currentDayScore`) VALUES (29, 1, 1, '2023-01-28', 4, '2023-01-29', 3);
INSERT INTO `tripulaciones`.`tbVoting`(`idVoting`, `idEmployee`,`idCompany`,`previousDay`,`previousDayScore`,`currentDay`,`currentDayScore`) VALUES (30, 1, 1, '2023-01-29', 3, '2023-01-30', 3);
INSERT INTO `tripulaciones`.`tbVotingFeelings`(`idFeeling`,`idVoting`) VALUES (22, 30);
INSERT INTO `tripulaciones`.`tbVotingReasons`(`idVoting`,`idReason`) VALUES (30, 12);
INSERT INTO `tripulaciones`.`tbVotingFeelings`(`idFeeling`,`idVoting`) VALUES (14, 30);
INSERT INTO `tripulaciones`.`tbVotingReasons`(`idVoting`,`idReason`) VALUES (30, 4);
INSERT INTO `tripulaciones`.`tbVotingFeelings`(`idFeeling`,`idVoting`) VALUES (29, 30);
INSERT INTO `tripulaciones`.`tbVotingReasons`(`idVoting`,`idReason`) VALUES (30, 3);
INSERT INTO `tripulaciones`.`tbVoting`(`idVoting`, `idEmployee`,`idCompany`,`previousDay`,`previousDayScore`,`currentDay`,`currentDayScore`) VALUES (31, 1, 1, '2023-01-30', 3, '2023-01-31', 3);
INSERT INTO `tripulaciones`.`tbVoting`(`idVoting`, `idEmployee`,`idCompany`,`previousDay`,`previousDayScore`,`currentDay`,`currentDayScore`) VALUES (32, 1, 1, '2023-01-31', 3, '2023-02-01', 2);
INSERT INTO `tripulaciones`.`tbVoting`(`idVoting`, `idEmployee`,`idCompany`,`previousDay`,`previousDayScore`,`currentDay`,`currentDayScore`) VALUES (33, 1, 1, '2023-02-01', 2, '2023-02-02', 4);
INSERT INTO `tripulaciones`.`tbVotingFeelings`(`idFeeling`,`idVoting`) VALUES (14, 33);
INSERT INTO `tripulaciones`.`tbVotingReasons`(`idVoting`,`idReason`) VALUES (33, 1);
INSERT INTO `tripulaciones`.`tbVotingFeelings`(`idFeeling`,`idVoting`) VALUES (5, 33);
INSERT INTO `tripulaciones`.`tbVotingReasons`(`idVoting`,`idReason`) VALUES (33, 10);
INSERT INTO `tripulaciones`.`tbVoting`(`idVoting`, `idEmployee`,`idCompany`,`previousDay`,`previousDayScore`,`currentDay`,`currentDayScore`) VALUES (34, 1, 1, '2023-02-02', 3, '2023-02-03', 5);
INSERT INTO `tripulaciones`.`tbVoting`(`idVoting`, `idEmployee`,`idCompany`,`previousDay`,`previousDayScore`,`currentDay`,`currentDayScore`) VALUES (35, 1, 1, '2023-02-03', 4, '2023-02-04', 1);
INSERT INTO `tripulaciones`.`tbVoting`(`idVoting`, `idEmployee`,`idCompany`,`previousDay`,`previousDayScore`,`currentDay`,`currentDayScore`) VALUES (36, 1, 1, '2023-02-04', 2, '2023-02-05', 3);
INSERT INTO `tripulaciones`.`tbVotingFeelings`(`idFeeling`,`idVoting`) VALUES (34, 36);
INSERT INTO `tripulaciones`.`tbVotingReasons`(`idVoting`,`idReason`) VALUES (36, 7);
INSERT INTO `tripulaciones`.`tbVoting`(`idVoting`, `idEmployee`,`idCompany`,`previousDay`,`previousDayScore`,`currentDay`,`currentDayScore`) VALUES (37, 1, 1, '2023-02-05', 3, '2023-02-06', 5);
INSERT INTO `tripulaciones`.`tbVoting`(`idVoting`, `idEmployee`,`idCompany`,`previousDay`,`previousDayScore`,`currentDay`,`currentDayScore`) VALUES (38, 1, 1, '2023-02-06', 2, '2023-02-07', 3);
INSERT INTO `tripulaciones`.`tbVoting`(`idVoting`, `idEmployee`,`idCompany`,`previousDay`,`previousDayScore`,`currentDay`,`currentDayScore`) VALUES (39, 1, 1, '2023-02-07', 5, '2023-02-08', 3);
INSERT INTO `tripulaciones`.`tbVotingFeelings`(`idFeeling`,`idVoting`) VALUES (27, 39);
INSERT INTO `tripulaciones`.`tbVotingReasons`(`idVoting`,`idReason`) VALUES (39, 9);
INSERT INTO `tripulaciones`.`tbVotingFeelings`(`idFeeling`,`idVoting`) VALUES (23, 39);
INSERT INTO `tripulaciones`.`tbVotingReasons`(`idVoting`,`idReason`) VALUES (39, 9);
INSERT INTO `tripulaciones`.`tbVotingFeelings`(`idFeeling`,`idVoting`) VALUES (1, 39);
INSERT INTO `tripulaciones`.`tbVotingReasons`(`idVoting`,`idReason`) VALUES (39, 6);
INSERT INTO `tripulaciones`.`tbVoting`(`idVoting`, `idEmployee`,`idCompany`,`previousDay`,`previousDayScore`,`currentDay`,`currentDayScore`) VALUES (40, 1, 1, '2023-02-08', 1, '2023-02-09', 2);
INSERT INTO `tripulaciones`.`tbVoting`(`idVoting`, `idEmployee`,`idCompany`,`previousDay`,`previousDayScore`,`currentDay`,`currentDayScore`) VALUES (41, 1, 1, '2023-02-09', 2, '2023-02-10', 3);
INSERT INTO `tripulaciones`.`tbVoting`(`idVoting`, `idEmployee`,`idCompany`,`previousDay`,`previousDayScore`,`currentDay`,`currentDayScore`) VALUES (42, 1, 1, '2023-02-10', 2, '2023-02-11', 2);
INSERT INTO `tripulaciones`.`tbVotingFeelings`(`idFeeling`,`idVoting`) VALUES (1, 42);
INSERT INTO `tripulaciones`.`tbVotingReasons`(`idVoting`,`idReason`) VALUES (42, 12);
INSERT INTO `tripulaciones`.`tbVotingFeelings`(`idFeeling`,`idVoting`) VALUES (7, 42);
INSERT INTO `tripulaciones`.`tbVotingReasons`(`idVoting`,`idReason`) VALUES (42, 11);
INSERT INTO `tripulaciones`.`tbVoting`(`idVoting`, `idEmployee`,`idCompany`,`previousDay`,`previousDayScore`,`currentDay`,`currentDayScore`) VALUES (43, 1, 1, '2023-02-11', 3, '2023-02-12', 4);
INSERT INTO `tripulaciones`.`tbVoting`(`idVoting`, `idEmployee`,`idCompany`,`previousDay`,`previousDayScore`,`currentDay`,`currentDayScore`) VALUES (44, 1, 1, '2023-02-12', 3, '2023-02-13', 4);
INSERT INTO `tripulaciones`.`tbVoting`(`idVoting`, `idEmployee`,`idCompany`,`previousDay`,`previousDayScore`,`currentDay`,`currentDayScore`) VALUES (45, 1, 1, '2023-02-13', 1, '2023-02-14', 3);
INSERT INTO `tripulaciones`.`tbVotingFeelings`(`idFeeling`,`idVoting`) VALUES (19, 45);
INSERT INTO `tripulaciones`.`tbVotingReasons`(`idVoting`,`idReason`) VALUES (45, 6);
INSERT INTO `tripulaciones`.`tbVoting`(`idVoting`, `idEmployee`,`idCompany`,`previousDay`,`previousDayScore`,`currentDay`,`currentDayScore`) VALUES (46, 1, 1, '2023-02-14', 1, '2023-02-15', 4);
INSERT INTO `tripulaciones`.`tbVoting`(`idVoting`, `idEmployee`,`idCompany`,`previousDay`,`previousDayScore`,`currentDay`,`currentDayScore`) VALUES (47, 1, 1, '2023-02-15', 3, '2023-02-16', 3);
INSERT INTO `tripulaciones`.`tbVoting`(`idVoting`, `idEmployee`,`idCompany`,`previousDay`,`previousDayScore`,`currentDay`,`currentDayScore`) VALUES (48, 1, 1, '2023-02-16', 3, '2023-02-17', 3);
INSERT INTO `tripulaciones`.`tbVotingFeelings`(`idFeeling`,`idVoting`) VALUES (3, 48);
INSERT INTO `tripulaciones`.`tbVotingReasons`(`idVoting`,`idReason`) VALUES (48, 2);
INSERT INTO `tripulaciones`.`tbVotingFeelings`(`idFeeling`,`idVoting`) VALUES (12, 48);
INSERT INTO `tripulaciones`.`tbVotingReasons`(`idVoting`,`idReason`) VALUES (48, 12);
INSERT INTO `tripulaciones`.`tbVoting`(`idVoting`, `idEmployee`,`idCompany`,`previousDay`,`previousDayScore`,`currentDay`,`currentDayScore`) VALUES (49, 1, 1, '2023-02-17', 3, '2023-02-18', 2);
INSERT INTO `tripulaciones`.`tbVoting`(`idVoting`, `idEmployee`,`idCompany`,`previousDay`,`previousDayScore`,`currentDay`,`currentDayScore`) VALUES (50, 1, 1, '2023-02-18', 1, '2023-02-19', 3);
INSERT INTO `tripulaciones`.`tbVoting`(`idVoting`, `idEmployee`,`idCompany`,`previousDay`,`previousDayScore`,`currentDay`,`currentDayScore`) VALUES (51, 1, 1, '2023-02-19', 1, '2023-02-20', 5);
INSERT INTO `tripulaciones`.`tbVotingFeelings`(`idFeeling`,`idVoting`) VALUES (26, 51);
INSERT INTO `tripulaciones`.`tbVotingReasons`(`idVoting`,`idReason`) VALUES (51, 12);
INSERT INTO `tripulaciones`.`tbVotingFeelings`(`idFeeling`,`idVoting`) VALUES (18, 51);
INSERT INTO `tripulaciones`.`tbVotingReasons`(`idVoting`,`idReason`) VALUES (51, 2);
INSERT INTO `tripulaciones`.`tbVotingFeelings`(`idFeeling`,`idVoting`) VALUES (32, 51);
INSERT INTO `tripulaciones`.`tbVotingReasons`(`idVoting`,`idReason`) VALUES (51, 10);
INSERT INTO `tripulaciones`.`tbVoting`(`idVoting`, `idEmployee`,`idCompany`,`previousDay`,`previousDayScore`,`currentDay`,`currentDayScore`) VALUES (52, 1, 1, '2023-02-20', 3, '2023-02-21', 4);
INSERT INTO `tripulaciones`.`tbVoting`(`idVoting`, `idEmployee`,`idCompany`,`previousDay`,`previousDayScore`,`currentDay`,`currentDayScore`) VALUES (53, 1, 1, '2023-02-21', 3, '2023-02-22', 3);
INSERT INTO `tripulaciones`.`tbVoting`(`idVoting`, `idEmployee`,`idCompany`,`previousDay`,`previousDayScore`,`currentDay`,`currentDayScore`) VALUES (54, 1, 1, '2023-02-22', 3, '2023-02-23', 3);
INSERT INTO `tripulaciones`.`tbVotingFeelings`(`idFeeling`,`idVoting`) VALUES (2, 54);
INSERT INTO `tripulaciones`.`tbVotingReasons`(`idVoting`,`idReason`) VALUES (54, 6);
INSERT INTO `tripulaciones`.`tbVotingFeelings`(`idFeeling`,`idVoting`) VALUES (30, 54);
INSERT INTO `tripulaciones`.`tbVotingReasons`(`idVoting`,`idReason`) VALUES (54, 11);
INSERT INTO `tripulaciones`.`tbVotingFeelings`(`idFeeling`,`idVoting`) VALUES (30, 54);
INSERT INTO `tripulaciones`.`tbVotingReasons`(`idVoting`,`idReason`) VALUES (54, 4);
INSERT INTO `tripulaciones`.`tbVoting`(`idVoting`, `idEmployee`,`idCompany`,`previousDay`,`previousDayScore`,`currentDay`,`currentDayScore`) VALUES (55, 1, 1, '2023-02-23', 5, '2023-02-24', 3);
INSERT INTO `tripulaciones`.`tbVoting`(`idVoting`, `idEmployee`,`idCompany`,`previousDay`,`previousDayScore`,`currentDay`,`currentDayScore`) VALUES (56, 1, 1, '2023-02-24', 2, '2023-02-25', 4);
INSERT INTO `tripulaciones`.`tbVoting`(`idVoting`, `idEmployee`,`idCompany`,`previousDay`,`previousDayScore`,`currentDay`,`currentDayScore`) VALUES (57, 1, 1, '2023-02-25', 2, '2023-02-26', 2);
INSERT INTO `tripulaciones`.`tbVotingFeelings`(`idFeeling`,`idVoting`) VALUES (7, 57);
INSERT INTO `tripulaciones`.`tbVotingReasons`(`idVoting`,`idReason`) VALUES (57, 9);
INSERT INTO `tripulaciones`.`tbVoting`(`idVoting`, `idEmployee`,`idCompany`,`previousDay`,`previousDayScore`,`currentDay`,`currentDayScore`) VALUES (58, 1, 1, '2023-02-26', 5, '2023-02-27', 2);
INSERT INTO `tripulaciones`.`tbVoting`(`idVoting`, `idEmployee`,`idCompany`,`previousDay`,`previousDayScore`,`currentDay`,`currentDayScore`) VALUES (59, 1, 1, '2023-02-27', 5, '2023-02-28', 4);
INSERT INTO `tripulaciones`.`tbVoting`(`idVoting`, `idEmployee`,`idCompany`,`previousDay`,`previousDayScore`,`currentDay`,`currentDayScore`) VALUES (60, 1, 1, '2023-02-28', 3, '2023-03-01', 3);
INSERT INTO `tripulaciones`.`tbVotingFeelings`(`idFeeling`,`idVoting`) VALUES (23, 60);
INSERT INTO `tripulaciones`.`tbVotingReasons`(`idVoting`,`idReason`) VALUES (60, 6);
INSERT INTO `tripulaciones`.`tbVotingFeelings`(`idFeeling`,`idVoting`) VALUES (26, 60);
INSERT INTO `tripulaciones`.`tbVotingReasons`(`idVoting`,`idReason`) VALUES (60, 3);
INSERT INTO `tripulaciones`.`tbVoting`(`idVoting`, `idEmployee`,`idCompany`,`previousDay`,`previousDayScore`,`currentDay`,`currentDayScore`) VALUES (61, 1, 1, '2023-03-01', 3, '2023-03-02', 2);
INSERT INTO `tripulaciones`.`tbVoting`(`idVoting`, `idEmployee`,`idCompany`,`previousDay`,`previousDayScore`,`currentDay`,`currentDayScore`) VALUES (62, 1, 1, '2023-03-02', 5, '2023-03-03', 3);
INSERT INTO `tripulaciones`.`tbVoting`(`idVoting`, `idEmployee`,`idCompany`,`previousDay`,`previousDayScore`,`currentDay`,`currentDayScore`) VALUES (63, 1, 1, '2023-03-03', 3, '2023-03-04', 1);
INSERT INTO `tripulaciones`.`tbVotingFeelings`(`idFeeling`,`idVoting`) VALUES (30, 63);
INSERT INTO `tripulaciones`.`tbVotingReasons`(`idVoting`,`idReason`) VALUES (63, 1);
INSERT INTO `tripulaciones`.`tbVotingFeelings`(`idFeeling`,`idVoting`) VALUES (14, 63);
INSERT INTO `tripulaciones`.`tbVotingReasons`(`idVoting`,`idReason`) VALUES (63, 7);
INSERT INTO `tripulaciones`.`tbVotingFeelings`(`idFeeling`,`idVoting`) VALUES (27, 63);
INSERT INTO `tripulaciones`.`tbVotingReasons`(`idVoting`,`idReason`) VALUES (63, 10);
INSERT INTO `tripulaciones`.`tbVoting`(`idVoting`, `idEmployee`,`idCompany`,`previousDay`,`previousDayScore`,`currentDay`,`currentDayScore`) VALUES (64, 1, 1, '2023-03-04', 3, '2023-03-05', 4);
INSERT INTO `tripulaciones`.`tbVoting`(`idVoting`, `idEmployee`,`idCompany`,`previousDay`,`previousDayScore`,`currentDay`,`currentDayScore`) VALUES (65, 1, 1, '2023-03-05', 4, '2023-03-06', 4);
INSERT INTO `tripulaciones`.`tbVoting`(`idVoting`, `idEmployee`,`idCompany`,`previousDay`,`previousDayScore`,`currentDay`,`currentDayScore`) VALUES (66, 1, 1, '2023-03-06', 5, '2023-03-07', 5);
INSERT INTO `tripulaciones`.`tbVotingFeelings`(`idFeeling`,`idVoting`) VALUES (32, 66);
INSERT INTO `tripulaciones`.`tbVotingReasons`(`idVoting`,`idReason`) VALUES (66, 9);
INSERT INTO `tripulaciones`.`tbVotingFeelings`(`idFeeling`,`idVoting`) VALUES (17, 66);
INSERT INTO `tripulaciones`.`tbVotingReasons`(`idVoting`,`idReason`) VALUES (66, 2);
INSERT INTO `tripulaciones`.`tbVotingFeelings`(`idFeeling`,`idVoting`) VALUES (15, 66);
INSERT INTO `tripulaciones`.`tbVotingReasons`(`idVoting`,`idReason`) VALUES (66, 8);
INSERT INTO `tripulaciones`.`tbVoting`(`idVoting`, `idEmployee`,`idCompany`,`previousDay`,`previousDayScore`,`currentDay`,`currentDayScore`) VALUES (67, 1, 1, '2023-03-07', 3, '2023-03-08', 2);
INSERT INTO `tripulaciones`.`tbVoting`(`idVoting`, `idEmployee`,`idCompany`,`previousDay`,`previousDayScore`,`currentDay`,`currentDayScore`) VALUES (68, 1, 1, '2023-03-08', 1, '2023-03-09', 5);
INSERT INTO `tripulaciones`.`tbVoting`(`idVoting`, `idEmployee`,`idCompany`,`previousDay`,`previousDayScore`,`currentDay`,`currentDayScore`) VALUES (69, 1, 1, '2023-03-09', 5, '2023-03-10', 2);
INSERT INTO `tripulaciones`.`tbVotingFeelings`(`idFeeling`,`idVoting`) VALUES (5, 69);
INSERT INTO `tripulaciones`.`tbVotingReasons`(`idVoting`,`idReason`) VALUES (69, 11);
INSERT INTO `tripulaciones`.`tbVotingFeelings`(`idFeeling`,`idVoting`) VALUES (20, 69);
INSERT INTO `tripulaciones`.`tbVotingReasons`(`idVoting`,`idReason`) VALUES (69, 12);
INSERT INTO `tripulaciones`.`tbVotingFeelings`(`idFeeling`,`idVoting`) VALUES (23, 69);
INSERT INTO `tripulaciones`.`tbVotingReasons`(`idVoting`,`idReason`) VALUES (69, 9);
INSERT INTO `tripulaciones`.`tbVoting`(`idVoting`, `idEmployee`,`idCompany`,`previousDay`,`previousDayScore`,`currentDay`,`currentDayScore`) VALUES (70, 1, 1, '2023-03-10', 1, '2023-03-11', 4);
INSERT INTO `tripulaciones`.`tbVoting`(`idVoting`, `idEmployee`,`idCompany`,`previousDay`,`previousDayScore`,`currentDay`,`currentDayScore`) VALUES (71, 1, 1, '2023-03-11', 3, '2023-03-12', 5);
INSERT INTO `tripulaciones`.`tbVoting`(`idVoting`, `idEmployee`,`idCompany`,`previousDay`,`previousDayScore`,`currentDay`,`currentDayScore`) VALUES (72, 1, 1, '2023-03-12', 3, '2023-03-13', 3);
INSERT INTO `tripulaciones`.`tbVotingFeelings`(`idFeeling`,`idVoting`) VALUES (1, 72);
INSERT INTO `tripulaciones`.`tbVotingReasons`(`idVoting`,`idReason`) VALUES (72, 7);
INSERT INTO `tripulaciones`.`tbVoting`(`idVoting`, `idEmployee`,`idCompany`,`previousDay`,`previousDayScore`,`currentDay`,`currentDayScore`) VALUES (73, 1, 1, '2023-03-13', 2, '2023-03-14', 1);
INSERT INTO `tripulaciones`.`tbVoting`(`idVoting`, `idEmployee`,`idCompany`,`previousDay`,`previousDayScore`,`currentDay`,`currentDayScore`) VALUES (74, 1, 1, '2023-03-14', 2, '2023-03-15', 5);
INSERT INTO `tripulaciones`.`tbVoting`(`idVoting`, `idEmployee`,`idCompany`,`previousDay`,`previousDayScore`,`currentDay`,`currentDayScore`) VALUES (75, 1, 1, '2023-03-15', 3, '2023-03-16', 5);
INSERT INTO `tripulaciones`.`tbVotingFeelings`(`idFeeling`,`idVoting`) VALUES (32, 75);
INSERT INTO `tripulaciones`.`tbVotingReasons`(`idVoting`,`idReason`) VALUES (75, 2);
INSERT INTO `tripulaciones`.`tbVotingFeelings`(`idFeeling`,`idVoting`) VALUES (9, 75);
INSERT INTO `tripulaciones`.`tbVotingReasons`(`idVoting`,`idReason`) VALUES (75, 3);
INSERT INTO `tripulaciones`.`tbVoting`(`idVoting`, `idEmployee`,`idCompany`,`previousDay`,`previousDayScore`,`currentDay`,`currentDayScore`) VALUES (76, 1, 1, '2023-03-16', 3, '2023-03-17', 3);
INSERT INTO `tripulaciones`.`tbVoting`(`idVoting`, `idEmployee`,`idCompany`,`previousDay`,`previousDayScore`,`currentDay`,`currentDayScore`) VALUES (77, 1, 1, '2023-03-17', 3, '2023-03-18', 2);
INSERT INTO `tripulaciones`.`tbVoting`(`idVoting`, `idEmployee`,`idCompany`,`previousDay`,`previousDayScore`,`currentDay`,`currentDayScore`) VALUES (78, 1, 1, '2023-03-18', 3, '2023-03-19', 3);
INSERT INTO `tripulaciones`.`tbVotingFeelings`(`idFeeling`,`idVoting`) VALUES (22, 78);
INSERT INTO `tripulaciones`.`tbVotingReasons`(`idVoting`,`idReason`) VALUES (78, 4);
INSERT INTO `tripulaciones`.`tbVotingFeelings`(`idFeeling`,`idVoting`) VALUES (5, 78);
INSERT INTO `tripulaciones`.`tbVotingReasons`(`idVoting`,`idReason`) VALUES (78, 2);
INSERT INTO `tripulaciones`.`tbVotingFeelings`(`idFeeling`,`idVoting`) VALUES (26, 78);
INSERT INTO `tripulaciones`.`tbVotingReasons`(`idVoting`,`idReason`) VALUES (78, 10);
INSERT INTO `tripulaciones`.`tbVoting`(`idVoting`, `idEmployee`,`idCompany`,`previousDay`,`previousDayScore`,`currentDay`,`currentDayScore`) VALUES (79, 1, 1, '2023-03-19', 3, '2023-03-20', 5);
INSERT INTO `tripulaciones`.`tbVoting`(`idVoting`, `idEmployee`,`idCompany`,`previousDay`,`previousDayScore`,`currentDay`,`currentDayScore`) VALUES (80, 1, 1, '2023-03-20', 3, '2023-03-21', 1);
INSERT INTO `tripulaciones`.`tbVoting`(`idVoting`, `idEmployee`,`idCompany`,`previousDay`,`previousDayScore`,`currentDay`,`currentDayScore`) VALUES (81, 1, 1, '2023-03-21', 2, '2023-03-22', 3);
INSERT INTO `tripulaciones`.`tbVotingFeelings`(`idFeeling`,`idVoting`) VALUES (12, 81);
INSERT INTO `tripulaciones`.`tbVotingReasons`(`idVoting`,`idReason`) VALUES (81, 7);
INSERT INTO `tripulaciones`.`tbVotingFeelings`(`idFeeling`,`idVoting`) VALUES (13, 81);
INSERT INTO `tripulaciones`.`tbVotingReasons`(`idVoting`,`idReason`) VALUES (81, 2);
INSERT INTO `tripulaciones`.`tbVoting`(`idVoting`, `idEmployee`,`idCompany`,`previousDay`,`previousDayScore`,`currentDay`,`currentDayScore`) VALUES (82, 1, 1, '2023-03-22', 3, '2023-03-23', 1);
INSERT INTO `tripulaciones`.`tbVoting`(`idVoting`, `idEmployee`,`idCompany`,`previousDay`,`previousDayScore`,`currentDay`,`currentDayScore`) VALUES (83, 1, 1, '2023-03-23', 2, '2023-03-24', 3);
INSERT INTO `tripulaciones`.`tbVoting`(`idVoting`, `idEmployee`,`idCompany`,`previousDay`,`previousDayScore`,`currentDay`,`currentDayScore`) VALUES (84, 1, 1, '2023-03-24', 3, '2023-03-25', 5);
INSERT INTO `tripulaciones`.`tbVotingFeelings`(`idFeeling`,`idVoting`) VALUES (19, 84);
INSERT INTO `tripulaciones`.`tbVotingReasons`(`idVoting`,`idReason`) VALUES (84, 1);
INSERT INTO `tripulaciones`.`tbVoting`(`idVoting`, `idEmployee`,`idCompany`,`previousDay`,`previousDayScore`,`currentDay`,`currentDayScore`) VALUES (85, 1, 1, '2023-03-25', 3, '2023-03-26', 3);
INSERT INTO `tripulaciones`.`tbVoting`(`idVoting`, `idEmployee`,`idCompany`,`previousDay`,`previousDayScore`,`currentDay`,`currentDayScore`) VALUES (86, 1, 1, '2023-03-25', 1, '2023-03-26', 3);
INSERT INTO `tripulaciones`.`tbVoting`(`idVoting`, `idEmployee`,`idCompany`,`previousDay`,`previousDayScore`,`currentDay`,`currentDayScore`) VALUES (87, 1, 1, '2023-03-26', 3, '2023-03-27', 3);
INSERT INTO `tripulaciones`.`tbVotingFeelings`(`idFeeling`,`idVoting`) VALUES (3, 87);
INSERT INTO `tripulaciones`.`tbVotingReasons`(`idVoting`,`idReason`) VALUES (87, 6);
INSERT INTO `tripulaciones`.`tbVoting`(`idVoting`, `idEmployee`,`idCompany`,`previousDay`,`previousDayScore`,`currentDay`,`currentDayScore`) VALUES (88, 1, 1, '2023-03-27', 3, '2023-03-28', 3);
INSERT INTO `tripulaciones`.`tbVoting`(`idVoting`, `idEmployee`,`idCompany`,`previousDay`,`previousDayScore`,`currentDay`,`currentDayScore`) VALUES (89, 1, 1, '2023-03-28', 1, '2023-03-29', 4);
INSERT INTO `tripulaciones`.`tbVoting`(`idVoting`, `idEmployee`,`idCompany`,`previousDay`,`previousDayScore`,`currentDay`,`currentDayScore`) VALUES (90, 1, 1, '2023-03-29', 2, '2023-03-30', 3);
INSERT INTO `tripulaciones`.`tbVotingFeelings`(`idFeeling`,`idVoting`) VALUES (12, 90);
INSERT INTO `tripulaciones`.`tbVotingReasons`(`idVoting`,`idReason`) VALUES (90, 11);
INSERT INTO `tripulaciones`.`tbVotingFeelings`(`idFeeling`,`idVoting`) VALUES (32, 90);
INSERT INTO `tripulaciones`.`tbVotingReasons`(`idVoting`,`idReason`) VALUES (90, 5);
INSERT INTO `tripulaciones`.`tbVoting`(`idVoting`, `idEmployee`,`idCompany`,`previousDay`,`previousDayScore`,`currentDay`,`currentDayScore`) VALUES (91, 1, 1, '2023-03-30', 2, '2023-03-31', 5);
INSERT INTO `tripulaciones`.`tbVoting`(`idVoting`, `idEmployee`,`idCompany`,`previousDay`,`previousDayScore`,`currentDay`,`currentDayScore`) VALUES (92, 1, 1, '2023-03-31', 3, '2023-04-01', 5);
INSERT INTO `tripulaciones`.`tbVoting`(`idVoting`, `idEmployee`,`idCompany`,`previousDay`,`previousDayScore`,`currentDay`,`currentDayScore`) VALUES (93, 1, 1, '2023-04-01', 4, '2023-04-02', 1);
INSERT INTO `tripulaciones`.`tbVotingFeelings`(`idFeeling`,`idVoting`) VALUES (19, 93);
INSERT INTO `tripulaciones`.`tbVotingReasons`(`idVoting`,`idReason`) VALUES (93, 6);
INSERT INTO `tripulaciones`.`tbVotingFeelings`(`idFeeling`,`idVoting`) VALUES (23, 93);
INSERT INTO `tripulaciones`.`tbVotingReasons`(`idVoting`,`idReason`) VALUES (93, 8);
INSERT INTO `tripulaciones`.`tbVoting`(`idVoting`, `idEmployee`,`idCompany`,`previousDay`,`previousDayScore`,`currentDay`,`currentDayScore`) VALUES (94, 1, 1, '2023-04-02', 3, '2023-04-03', 3);
INSERT INTO `tripulaciones`.`tbVoting`(`idVoting`, `idEmployee`,`idCompany`,`previousDay`,`previousDayScore`,`currentDay`,`currentDayScore`) VALUES (95, 1, 1, '2023-04-03', 3, '2023-04-04', 2);
INSERT INTO `tripulaciones`.`tbVoting`(`idVoting`, `idEmployee`,`idCompany`,`previousDay`,`previousDayScore`,`currentDay`,`currentDayScore`) VALUES (96, 1, 1, '2023-04-04', 3, '2023-04-05', 4);
INSERT INTO `tripulaciones`.`tbVotingFeelings`(`idFeeling`,`idVoting`) VALUES (20, 96);
INSERT INTO `tripulaciones`.`tbVotingReasons`(`idVoting`,`idReason`) VALUES (96, 10);
INSERT INTO `tripulaciones`.`tbVoting`(`idVoting`, `idEmployee`,`idCompany`,`previousDay`,`previousDayScore`,`currentDay`,`currentDayScore`) VALUES (97, 1, 1, '2023-04-05', 2, '2023-04-06', 5);
INSERT INTO `tripulaciones`.`tbVoting`(`idVoting`, `idEmployee`,`idCompany`,`previousDay`,`previousDayScore`,`currentDay`,`currentDayScore`) VALUES (98, 1, 1, '2023-04-06', 5, '2023-04-07', 3);
INSERT INTO `tripulaciones`.`tbVoting`(`idVoting`, `idEmployee`,`idCompany`,`previousDay`,`previousDayScore`,`currentDay`,`currentDayScore`) VALUES (99, 1, 1, '2023-04-07', 3, '2023-04-08', 3);
INSERT INTO `tripulaciones`.`tbVotingFeelings`(`idFeeling`,`idVoting`) VALUES (7, 99);
INSERT INTO `tripulaciones`.`tbVotingReasons`(`idVoting`,`idReason`) VALUES (99, 8);
INSERT INTO `tripulaciones`.`tbVotingFeelings`(`idFeeling`,`idVoting`) VALUES (9, 99);
INSERT INTO `tripulaciones`.`tbVotingReasons`(`idVoting`,`idReason`) VALUES (99, 7);
INSERT INTO `tripulaciones`.`tbVotingFeelings`(`idFeeling`,`idVoting`) VALUES (19, 99);
INSERT INTO `tripulaciones`.`tbVotingReasons`(`idVoting`,`idReason`) VALUES (99, 7);
INSERT INTO `tripulaciones`.`tbVoting`(`idVoting`, `idEmployee`,`idCompany`,`previousDay`,`previousDayScore`,`currentDay`,`currentDayScore`) VALUES (100, 1, 1, '2023-04-08', 3, '2023-04-09', 3);
INSERT INTO `tripulaciones`.`tbVoting`(`idVoting`, `idEmployee`,`idCompany`,`previousDay`,`previousDayScore`,`currentDay`,`currentDayScore`) VALUES (101, 1, 1, '2023-04-09', 3, '2023-04-10', 4);
INSERT INTO `tripulaciones`.`tbVoting`(`idVoting`, `idEmployee`,`idCompany`,`previousDay`,`previousDayScore`,`currentDay`,`currentDayScore`) VALUES (102, 1, 1, '2023-04-10', 3, '2023-04-11', 3);
INSERT INTO `tripulaciones`.`tbVotingFeelings`(`idFeeling`,`idVoting`) VALUES (4, 102);
INSERT INTO `tripulaciones`.`tbVotingReasons`(`idVoting`,`idReason`) VALUES (102, 4);
INSERT INTO `tripulaciones`.`tbVoting`(`idVoting`, `idEmployee`,`idCompany`,`previousDay`,`previousDayScore`,`currentDay`,`currentDayScore`) VALUES (103, 1, 1, '2023-04-11', 3, '2023-04-12', 4);
INSERT INTO `tripulaciones`.`tbVoting`(`idVoting`, `idEmployee`,`idCompany`,`previousDay`,`previousDayScore`,`currentDay`,`currentDayScore`) VALUES (104, 1, 1, '2023-04-12', 1, '2023-04-13', 4);
INSERT INTO `tripulaciones`.`tbVoting`(`idVoting`, `idEmployee`,`idCompany`,`previousDay`,`previousDayScore`,`currentDay`,`currentDayScore`) VALUES (105, 1, 1, '2023-04-13', 5, '2023-04-14', 3);
INSERT INTO `tripulaciones`.`tbVotingFeelings`(`idFeeling`,`idVoting`) VALUES (15, 105);
INSERT INTO `tripulaciones`.`tbVotingReasons`(`idVoting`,`idReason`) VALUES (105, 12);
INSERT INTO `tripulaciones`.`tbVotingFeelings`(`idFeeling`,`idVoting`) VALUES (24, 105);
INSERT INTO `tripulaciones`.`tbVotingReasons`(`idVoting`,`idReason`) VALUES (105, 8);
INSERT INTO `tripulaciones`.`tbVotingFeelings`(`idFeeling`,`idVoting`) VALUES (14, 105);
INSERT INTO `tripulaciones`.`tbVotingReasons`(`idVoting`,`idReason`) VALUES (105, 3);
INSERT INTO `tripulaciones`.`tbVoting`(`idVoting`, `idEmployee`,`idCompany`,`previousDay`,`previousDayScore`,`currentDay`,`currentDayScore`) VALUES (106, 1, 1, '2023-04-14', 1, '2023-04-15', 4);
INSERT INTO `tripulaciones`.`tbVoting`(`idVoting`, `idEmployee`,`idCompany`,`previousDay`,`previousDayScore`,`currentDay`,`currentDayScore`) VALUES (107, 1, 1, '2023-04-15', 1, '2023-04-16', 3);
INSERT INTO `tripulaciones`.`tbVoting`(`idVoting`, `idEmployee`,`idCompany`,`previousDay`,`previousDayScore`,`currentDay`,`currentDayScore`) VALUES (108, 1, 1, '2023-04-16', 2, '2023-04-17', 2);
INSERT INTO `tripulaciones`.`tbVotingFeelings`(`idFeeling`,`idVoting`) VALUES (14, 108);
INSERT INTO `tripulaciones`.`tbVotingReasons`(`idVoting`,`idReason`) VALUES (108, 8);
INSERT INTO `tripulaciones`.`tbVotingFeelings`(`idFeeling`,`idVoting`) VALUES (31, 108);
INSERT INTO `tripulaciones`.`tbVotingReasons`(`idVoting`,`idReason`) VALUES (108, 6);
INSERT INTO `tripulaciones`.`tbVoting`(`idVoting`, `idEmployee`,`idCompany`,`previousDay`,`previousDayScore`,`currentDay`,`currentDayScore`) VALUES (109, 1, 1, '2023-04-17', 2, '2023-04-18', 2);
INSERT INTO `tripulaciones`.`tbVoting`(`idVoting`, `idEmployee`,`idCompany`,`previousDay`,`previousDayScore`,`currentDay`,`currentDayScore`) VALUES (110, 1, 1, '2023-04-18', 3, '2023-04-19', 4);
INSERT INTO `tripulaciones`.`tbVoting`(`idVoting`, `idEmployee`,`idCompany`,`previousDay`,`previousDayScore`,`currentDay`,`currentDayScore`) VALUES (111, 1, 1, '2023-04-19', 3, '2023-04-20', 1);
INSERT INTO `tripulaciones`.`tbVotingFeelings`(`idFeeling`,`idVoting`) VALUES (15, 111);
INSERT INTO `tripulaciones`.`tbVotingReasons`(`idVoting`,`idReason`) VALUES (111, 4);
INSERT INTO `tripulaciones`.`tbVotingFeelings`(`idFeeling`,`idVoting`) VALUES (33, 111);
INSERT INTO `tripulaciones`.`tbVotingReasons`(`idVoting`,`idReason`) VALUES (111, 3);
INSERT INTO `tripulaciones`.`tbVoting`(`idVoting`, `idEmployee`,`idCompany`,`previousDay`,`previousDayScore`,`currentDay`,`currentDayScore`) VALUES (112, 1, 1, '2023-04-20', 3, '2023-04-21', 4);
INSERT INTO `tripulaciones`.`tbVoting`(`idVoting`, `idEmployee`,`idCompany`,`previousDay`,`previousDayScore`,`currentDay`,`currentDayScore`) VALUES (113, 1, 1, '2023-04-21', 1, '2023-04-22', 3);
INSERT INTO `tripulaciones`.`tbVoting`(`idVoting`, `idEmployee`,`idCompany`,`previousDay`,`previousDayScore`,`currentDay`,`currentDayScore`) VALUES (114, 1, 1, '2023-04-22', 3, '2023-04-23', 3);
INSERT INTO `tripulaciones`.`tbVotingFeelings`(`idFeeling`,`idVoting`) VALUES (32, 114);
INSERT INTO `tripulaciones`.`tbVotingReasons`(`idVoting`,`idReason`) VALUES (114, 11);
INSERT INTO `tripulaciones`.`tbVotingFeelings`(`idFeeling`,`idVoting`) VALUES (31, 114);
INSERT INTO `tripulaciones`.`tbVotingReasons`(`idVoting`,`idReason`) VALUES (114, 12);
INSERT INTO `tripulaciones`.`tbVotingFeelings`(`idFeeling`,`idVoting`) VALUES (1, 114);
INSERT INTO `tripulaciones`.`tbVotingReasons`(`idVoting`,`idReason`) VALUES (114, 10);
INSERT INTO `tripulaciones`.`tbVoting`(`idVoting`, `idEmployee`,`idCompany`,`previousDay`,`previousDayScore`,`currentDay`,`currentDayScore`) VALUES (115, 1, 1, '2023-04-23', 5, '2023-04-24', 3);
INSERT INTO `tripulaciones`.`tbVoting`(`idVoting`, `idEmployee`,`idCompany`,`previousDay`,`previousDayScore`,`currentDay`,`currentDayScore`) VALUES (116, 1, 1, '2023-04-24', 3, '2023-04-25', 4);
INSERT INTO `tripulaciones`.`tbVoting`(`idVoting`, `idEmployee`,`idCompany`,`previousDay`,`previousDayScore`,`currentDay`,`currentDayScore`) VALUES (117, 1, 1, '2023-04-25', 5, '2023-04-26', 5);
INSERT INTO `tripulaciones`.`tbVotingFeelings`(`idFeeling`,`idVoting`) VALUES (31, 117);
INSERT INTO `tripulaciones`.`tbVotingReasons`(`idVoting`,`idReason`) VALUES (117, 11);
INSERT INTO `tripulaciones`.`tbVotingFeelings`(`idFeeling`,`idVoting`) VALUES (22, 117);
INSERT INTO `tripulaciones`.`tbVotingReasons`(`idVoting`,`idReason`) VALUES (117, 12);
INSERT INTO `tripulaciones`.`tbVoting`(`idVoting`, `idEmployee`,`idCompany`,`previousDay`,`previousDayScore`,`currentDay`,`currentDayScore`) VALUES (118, 1, 1, '2023-04-26', 2, '2023-04-27', 4);
INSERT INTO `tripulaciones`.`tbVoting`(`idVoting`, `idEmployee`,`idCompany`,`previousDay`,`previousDayScore`,`currentDay`,`currentDayScore`) VALUES (119, 1, 1, '2023-04-27', 1, '2023-04-28', 3);
INSERT INTO `tripulaciones`.`tbVoting`(`idVoting`, `idEmployee`,`idCompany`,`previousDay`,`previousDayScore`,`currentDay`,`currentDayScore`) VALUES (120, 1, 1, '2023-04-28', 1, '2023-04-29', 1);
INSERT INTO `tripulaciones`.`tbVotingFeelings`(`idFeeling`,`idVoting`) VALUES (31, 120);
INSERT INTO `tripulaciones`.`tbVotingReasons`(`idVoting`,`idReason`) VALUES (120, 12);
INSERT INTO `tripulaciones`.`tbVoting`(`idVoting`, `idEmployee`,`idCompany`,`previousDay`,`previousDayScore`,`currentDay`,`currentDayScore`) VALUES (121, 1, 1, '2023-04-29', 2, '2023-04-30', 5);
INSERT INTO `tripulaciones`.`tbVoting`(`idVoting`, `idEmployee`,`idCompany`,`previousDay`,`previousDayScore`,`currentDay`,`currentDayScore`) VALUES (122, 1, 1, '2023-04-30', 1, '2023-05-01', 3);
INSERT INTO `tripulaciones`.`tbVoting`(`idVoting`, `idEmployee`,`idCompany`,`previousDay`,`previousDayScore`,`currentDay`,`currentDayScore`) VALUES (123, 1, 1, '2023-05-01', 5, '2023-05-02', 3);
INSERT INTO `tripulaciones`.`tbVotingFeelings`(`idFeeling`,`idVoting`) VALUES (23, 123);
INSERT INTO `tripulaciones`.`tbVotingReasons`(`idVoting`,`idReason`) VALUES (123, 2);
INSERT INTO `tripulaciones`.`tbVotingFeelings`(`idFeeling`,`idVoting`) VALUES (14, 123);
INSERT INTO `tripulaciones`.`tbVotingReasons`(`idVoting`,`idReason`) VALUES (123, 9);
INSERT INTO `tripulaciones`.`tbVotingFeelings`(`idFeeling`,`idVoting`) VALUES (26, 123);
INSERT INTO `tripulaciones`.`tbVotingReasons`(`idVoting`,`idReason`) VALUES (123, 6);
INSERT INTO `tripulaciones`.`tbVoting`(`idVoting`, `idEmployee`,`idCompany`,`previousDay`,`previousDayScore`,`currentDay`,`currentDayScore`) VALUES (124, 1, 1, '2023-05-02', 3, '2023-05-03', 4);
INSERT INTO `tripulaciones`.`tbVoting`(`idVoting`, `idEmployee`,`idCompany`,`previousDay`,`previousDayScore`,`currentDay`,`currentDayScore`) VALUES (125, 1, 1, '2023-05-03', 5, '2023-05-04', 3);
INSERT INTO `tripulaciones`.`tbVoting`(`idVoting`, `idEmployee`,`idCompany`,`previousDay`,`previousDayScore`,`currentDay`,`currentDayScore`) VALUES (126, 1, 1, '2023-05-04', 5, '2023-05-05', 2);
INSERT INTO `tripulaciones`.`tbVotingFeelings`(`idFeeling`,`idVoting`) VALUES (8, 126);
INSERT INTO `tripulaciones`.`tbVotingReasons`(`idVoting`,`idReason`) VALUES (126, 9);
INSERT INTO `tripulaciones`.`tbVotingFeelings`(`idFeeling`,`idVoting`) VALUES (18, 126);
INSERT INTO `tripulaciones`.`tbVotingReasons`(`idVoting`,`idReason`) VALUES (126, 3);
INSERT INTO `tripulaciones`.`tbVotingFeelings`(`idFeeling`,`idVoting`) VALUES (8, 126);
INSERT INTO `tripulaciones`.`tbVotingReasons`(`idVoting`,`idReason`) VALUES (126, 6);
INSERT INTO `tripulaciones`.`tbVoting`(`idVoting`, `idEmployee`,`idCompany`,`previousDay`,`previousDayScore`,`currentDay`,`currentDayScore`) VALUES (127, 1, 1, '2023-05-05', 5, '2023-05-06', 1);
INSERT INTO `tripulaciones`.`tbVoting`(`idVoting`, `idEmployee`,`idCompany`,`previousDay`,`previousDayScore`,`currentDay`,`currentDayScore`) VALUES (128, 1, 1, '2023-05-06', 3, '2023-05-07', 4);
INSERT INTO `tripulaciones`.`tbVoting`(`idVoting`, `idEmployee`,`idCompany`,`previousDay`,`previousDayScore`,`currentDay`,`currentDayScore`) VALUES (129, 1, 1, '2023-05-07', 3, '2023-05-08', 4);
INSERT INTO `tripulaciones`.`tbVotingFeelings`(`idFeeling`,`idVoting`) VALUES (14, 129);
INSERT INTO `tripulaciones`.`tbVotingReasons`(`idVoting`,`idReason`) VALUES (129, 7);
INSERT INTO `tripulaciones`.`tbVoting`(`idVoting`, `idEmployee`,`idCompany`,`previousDay`,`previousDayScore`,`currentDay`,`currentDayScore`) VALUES (130, 1, 1, '2023-05-08', 2, '2023-05-09', 2);
INSERT INTO `tripulaciones`.`tbVoting`(`idVoting`, `idEmployee`,`idCompany`,`previousDay`,`previousDayScore`,`currentDay`,`currentDayScore`) VALUES (131, 1, 1, '2023-05-09', 3, '2023-05-10', 2);
INSERT INTO `tripulaciones`.`tbVoting`(`idVoting`, `idEmployee`,`idCompany`,`previousDay`,`previousDayScore`,`currentDay`,`currentDayScore`) VALUES (132, 1, 1, '2023-05-10', 2, '2023-05-11', 2);
INSERT INTO `tripulaciones`.`tbVotingFeelings`(`idFeeling`,`idVoting`) VALUES (25, 132);
INSERT INTO `tripulaciones`.`tbVotingReasons`(`idVoting`,`idReason`) VALUES (132, 11);
INSERT INTO `tripulaciones`.`tbVoting`(`idVoting`, `idEmployee`,`idCompany`,`previousDay`,`previousDayScore`,`currentDay`,`currentDayScore`) VALUES (133, 1, 1, '2023-05-11', 4, '2023-05-12', 2);
INSERT INTO `tripulaciones`.`tbVoting`(`idVoting`, `idEmployee`,`idCompany`,`previousDay`,`previousDayScore`,`currentDay`,`currentDayScore`) VALUES (134, 1, 1, '2023-05-12', 2, '2023-05-13', 5);
INSERT INTO `tripulaciones`.`tbVoting`(`idVoting`, `idEmployee`,`idCompany`,`previousDay`,`previousDayScore`,`currentDay`,`currentDayScore`) VALUES (135, 1, 1, '2023-05-13', 1, '2023-05-14', 3);
INSERT INTO `tripulaciones`.`tbVotingFeelings`(`idFeeling`,`idVoting`) VALUES (11, 135);
INSERT INTO `tripulaciones`.`tbVotingReasons`(`idVoting`,`idReason`) VALUES (135, 12);
INSERT INTO `tripulaciones`.`tbVoting`(`idVoting`, `idEmployee`,`idCompany`,`previousDay`,`previousDayScore`,`currentDay`,`currentDayScore`) VALUES (136, 1, 1, '2023-05-14', 5, '2023-05-15', 4);
INSERT INTO `tripulaciones`.`tbVoting`(`idVoting`, `idEmployee`,`idCompany`,`previousDay`,`previousDayScore`,`currentDay`,`currentDayScore`) VALUES (137, 1, 1, '2023-05-15', 2, '2023-05-16', 3);
INSERT INTO `tripulaciones`.`tbVoting`(`idVoting`, `idEmployee`,`idCompany`,`previousDay`,`previousDayScore`,`currentDay`,`currentDayScore`) VALUES (138, 1, 1, '2023-05-16', 1, '2023-05-17', 5);
INSERT INTO `tripulaciones`.`tbVotingFeelings`(`idFeeling`,`idVoting`) VALUES (25, 138);
INSERT INTO `tripulaciones`.`tbVotingReasons`(`idVoting`,`idReason`) VALUES (138, 6);
INSERT INTO `tripulaciones`.`tbVoting`(`idVoting`, `idEmployee`,`idCompany`,`previousDay`,`previousDayScore`,`currentDay`,`currentDayScore`) VALUES (139, 1, 1, '2023-05-17', 4, '2023-05-18', 3);
INSERT INTO `tripulaciones`.`tbVoting`(`idVoting`, `idEmployee`,`idCompany`,`previousDay`,`previousDayScore`,`currentDay`,`currentDayScore`) VALUES (140, 1, 1, '2023-05-18', 3, '2023-05-19', 4);
INSERT INTO `tripulaciones`.`tbVoting`(`idVoting`, `idEmployee`,`idCompany`,`previousDay`,`previousDayScore`,`currentDay`,`currentDayScore`) VALUES (141, 1, 1, '2023-05-19', 3, '2023-05-20', 3);
INSERT INTO `tripulaciones`.`tbVotingFeelings`(`idFeeling`,`idVoting`) VALUES (10, 141);
INSERT INTO `tripulaciones`.`tbVotingReasons`(`idVoting`,`idReason`) VALUES (141, 9);
INSERT INTO `tripulaciones`.`tbVotingFeelings`(`idFeeling`,`idVoting`) VALUES (30, 141);
INSERT INTO `tripulaciones`.`tbVotingReasons`(`idVoting`,`idReason`) VALUES (141, 7);
INSERT INTO `tripulaciones`.`tbVoting`(`idVoting`, `idEmployee`,`idCompany`,`previousDay`,`previousDayScore`,`currentDay`,`currentDayScore`) VALUES (142, 1, 1, '2023-05-20', 3, '2023-05-21', 3);
INSERT INTO `tripulaciones`.`tbVoting`(`idVoting`, `idEmployee`,`idCompany`,`previousDay`,`previousDayScore`,`currentDay`,`currentDayScore`) VALUES (143, 1, 1, '2023-05-21', 4, '2023-05-22', 4);
INSERT INTO `tripulaciones`.`tbVoting`(`idVoting`, `idEmployee`,`idCompany`,`previousDay`,`previousDayScore`,`currentDay`,`currentDayScore`) VALUES (144, 1, 1, '2023-05-22', 5, '2023-05-23', 4);
INSERT INTO `tripulaciones`.`tbVotingFeelings`(`idFeeling`,`idVoting`) VALUES (3, 144);
INSERT INTO `tripulaciones`.`tbVotingReasons`(`idVoting`,`idReason`) VALUES (144, 7);
INSERT INTO `tripulaciones`.`tbVotingFeelings`(`idFeeling`,`idVoting`) VALUES (18, 144);
INSERT INTO `tripulaciones`.`tbVotingReasons`(`idVoting`,`idReason`) VALUES (144, 5);
INSERT INTO `tripulaciones`.`tbVoting`(`idVoting`, `idEmployee`,`idCompany`,`previousDay`,`previousDayScore`,`currentDay`,`currentDayScore`) VALUES (145, 1, 1, '2023-05-23', 5, '2023-05-24', 3);
INSERT INTO `tripulaciones`.`tbVoting`(`idVoting`, `idEmployee`,`idCompany`,`previousDay`,`previousDayScore`,`currentDay`,`currentDayScore`) VALUES (146, 1, 1, '2023-05-24', 1, '2023-05-25', 3);
INSERT INTO `tripulaciones`.`tbVoting`(`idVoting`, `idEmployee`,`idCompany`,`previousDay`,`previousDayScore`,`currentDay`,`currentDayScore`) VALUES (147, 1, 1, '2023-05-25', 3, '2023-05-26', 4);
INSERT INTO `tripulaciones`.`tbVotingFeelings`(`idFeeling`,`idVoting`) VALUES (9, 147);
INSERT INTO `tripulaciones`.`tbVotingReasons`(`idVoting`,`idReason`) VALUES (147, 12);
INSERT INTO `tripulaciones`.`tbVotingFeelings`(`idFeeling`,`idVoting`) VALUES (25, 147);
INSERT INTO `tripulaciones`.`tbVotingReasons`(`idVoting`,`idReason`) VALUES (147, 1);
INSERT INTO `tripulaciones`.`tbVotingFeelings`(`idFeeling`,`idVoting`) VALUES (24, 147);
INSERT INTO `tripulaciones`.`tbVotingReasons`(`idVoting`,`idReason`) VALUES (147, 2);
INSERT INTO `tripulaciones`.`tbVoting`(`idVoting`, `idEmployee`,`idCompany`,`previousDay`,`previousDayScore`,`currentDay`,`currentDayScore`) VALUES (148, 1, 1, '2023-05-26', 3, '2023-05-27', 1);
INSERT INTO `tripulaciones`.`tbVoting`(`idVoting`, `idEmployee`,`idCompany`,`previousDay`,`previousDayScore`,`currentDay`,`currentDayScore`) VALUES (149, 1, 1, '2023-05-27', 3, '2023-05-28', 3);
INSERT INTO `tripulaciones`.`tbVoting`(`idVoting`, `idEmployee`,`idCompany`,`previousDay`,`previousDayScore`,`currentDay`,`currentDayScore`) VALUES (150, 1, 1, '2023-05-28', 5, '2023-05-29', 4);
INSERT INTO `tripulaciones`.`tbVotingFeelings`(`idFeeling`,`idVoting`) VALUES (12, 150);
INSERT INTO `tripulaciones`.`tbVotingReasons`(`idVoting`,`idReason`) VALUES (150, 8);
INSERT INTO `tripulaciones`.`tbVotingFeelings`(`idFeeling`,`idVoting`) VALUES (17, 150);
INSERT INTO `tripulaciones`.`tbVotingReasons`(`idVoting`,`idReason`) VALUES (150, 1);
INSERT INTO `tripulaciones`.`tbVotingFeelings`(`idFeeling`,`idVoting`) VALUES (1, 150);
INSERT INTO `tripulaciones`.`tbVotingReasons`(`idVoting`,`idReason`) VALUES (150, 9);
INSERT INTO `tripulaciones`.`tbVoting`(`idVoting`, `idEmployee`,`idCompany`,`previousDay`,`previousDayScore`,`currentDay`,`currentDayScore`) VALUES (151, 1, 1, '2023-05-29', 5, '2023-05-30', 1);
INSERT INTO `tripulaciones`.`tbVoting`(`idVoting`, `idEmployee`,`idCompany`,`previousDay`,`previousDayScore`,`currentDay`,`currentDayScore`) VALUES (152, 1, 1, '2023-05-30', 2, '2023-05-31', 2);
INSERT INTO `tripulaciones`.`tbVoting`(`idVoting`, `idEmployee`,`idCompany`,`previousDay`,`previousDayScore`,`currentDay`,`currentDayScore`) VALUES (153, 1, 1, '2023-05-31', 3, '2023-06-01', 5);
INSERT INTO `tripulaciones`.`tbVotingFeelings`(`idFeeling`,`idVoting`) VALUES (32, 153);
INSERT INTO `tripulaciones`.`tbVotingReasons`(`idVoting`,`idReason`) VALUES (153, 8);
INSERT INTO `tripulaciones`.`tbVoting`(`idVoting`, `idEmployee`,`idCompany`,`previousDay`,`previousDayScore`,`currentDay`,`currentDayScore`) VALUES (154, 1, 1, '2023-06-01', 3, '2023-06-02', 3);
INSERT INTO `tripulaciones`.`tbVoting`(`idVoting`, `idEmployee`,`idCompany`,`previousDay`,`previousDayScore`,`currentDay`,`currentDayScore`) VALUES (155, 1, 1, '2023-06-02', 3, '2023-06-03', 1);
INSERT INTO `tripulaciones`.`tbVoting`(`idVoting`, `idEmployee`,`idCompany`,`previousDay`,`previousDayScore`,`currentDay`,`currentDayScore`) VALUES (156, 1, 1, '2023-06-03', 3, '2023-06-04', 1);
INSERT INTO `tripulaciones`.`tbVotingFeelings`(`idFeeling`,`idVoting`) VALUES (30, 156);
INSERT INTO `tripulaciones`.`tbVotingReasons`(`idVoting`,`idReason`) VALUES (156, 4);
INSERT INTO `tripulaciones`.`tbVoting`(`idVoting`, `idEmployee`,`idCompany`,`previousDay`,`previousDayScore`,`currentDay`,`currentDayScore`) VALUES (157, 1, 1, '2023-06-04', 1, '2023-06-05', 3);
INSERT INTO `tripulaciones`.`tbVoting`(`idVoting`, `idEmployee`,`idCompany`,`previousDay`,`previousDayScore`,`currentDay`,`currentDayScore`) VALUES (158, 1, 1, '2023-06-05', 3, '2023-06-06', 1);
INSERT INTO `tripulaciones`.`tbVoting`(`idVoting`, `idEmployee`,`idCompany`,`previousDay`,`previousDayScore`,`currentDay`,`currentDayScore`) VALUES (159, 1, 1, '2023-06-06', 3, '2023-06-07', 2);
INSERT INTO `tripulaciones`.`tbVotingFeelings`(`idFeeling`,`idVoting`) VALUES (26, 159);
INSERT INTO `tripulaciones`.`tbVotingReasons`(`idVoting`,`idReason`) VALUES (159, 3);
INSERT INTO `tripulaciones`.`tbVotingFeelings`(`idFeeling`,`idVoting`) VALUES (1, 159);
INSERT INTO `tripulaciones`.`tbVotingReasons`(`idVoting`,`idReason`) VALUES (159, 10);
INSERT INTO `tripulaciones`.`tbVoting`(`idVoting`, `idEmployee`,`idCompany`,`previousDay`,`previousDayScore`,`currentDay`,`currentDayScore`) VALUES (160, 1, 1, '2023-06-07', 3, '2023-06-08', 1);
INSERT INTO `tripulaciones`.`tbVoting`(`idVoting`, `idEmployee`,`idCompany`,`previousDay`,`previousDayScore`,`currentDay`,`currentDayScore`) VALUES (161, 1, 1, '2023-06-08', 3, '2023-06-09', 1);
INSERT INTO `tripulaciones`.`tbVoting`(`idVoting`, `idEmployee`,`idCompany`,`previousDay`,`previousDayScore`,`currentDay`,`currentDayScore`) VALUES (162, 1, 1, '2023-06-09', 3, '2023-06-10', 3);
INSERT INTO `tripulaciones`.`tbVotingFeelings`(`idFeeling`,`idVoting`) VALUES (4, 162);
INSERT INTO `tripulaciones`.`tbVotingReasons`(`idVoting`,`idReason`) VALUES (162, 4);
INSERT INTO `tripulaciones`.`tbVotingFeelings`(`idFeeling`,`idVoting`) VALUES (24, 162);
INSERT INTO `tripulaciones`.`tbVotingReasons`(`idVoting`,`idReason`) VALUES (162, 10);
INSERT INTO `tripulaciones`.`tbVoting`(`idVoting`, `idEmployee`,`idCompany`,`previousDay`,`previousDayScore`,`currentDay`,`currentDayScore`) VALUES (163, 1, 1, '2023-06-10', 3, '2023-06-11', 5);
INSERT INTO `tripulaciones`.`tbVoting`(`idVoting`, `idEmployee`,`idCompany`,`previousDay`,`previousDayScore`,`currentDay`,`currentDayScore`) VALUES (164, 1, 1, '2023-06-11', 1, '2023-06-12', 2);
INSERT INTO `tripulaciones`.`tbVoting`(`idVoting`, `idEmployee`,`idCompany`,`previousDay`,`previousDayScore`,`currentDay`,`currentDayScore`) VALUES (165, 1, 1, '2023-06-12', 3, '2023-06-13', 3);
INSERT INTO `tripulaciones`.`tbVotingFeelings`(`idFeeling`,`idVoting`) VALUES (14, 165);
INSERT INTO `tripulaciones`.`tbVotingReasons`(`idVoting`,`idReason`) VALUES (165, 4);
INSERT INTO `tripulaciones`.`tbVoting`(`idVoting`, `idEmployee`,`idCompany`,`previousDay`,`previousDayScore`,`currentDay`,`currentDayScore`) VALUES (166, 1, 1, '2023-06-13', 1, '2023-06-14', 3);
INSERT INTO `tripulaciones`.`tbVoting`(`idVoting`, `idEmployee`,`idCompany`,`previousDay`,`previousDayScore`,`currentDay`,`currentDayScore`) VALUES (167, 1, 1, '2023-06-14', 3, '2023-06-15', 3);
INSERT INTO `tripulaciones`.`tbVoting`(`idVoting`, `idEmployee`,`idCompany`,`previousDay`,`previousDayScore`,`currentDay`,`currentDayScore`) VALUES (168, 1, 1, '2023-06-15', 3, '2023-06-16', 3);
INSERT INTO `tripulaciones`.`tbVotingFeelings`(`idFeeling`,`idVoting`) VALUES (4, 168);
INSERT INTO `tripulaciones`.`tbVotingReasons`(`idVoting`,`idReason`) VALUES (168, 11);
INSERT INTO `tripulaciones`.`tbVotingFeelings`(`idFeeling`,`idVoting`) VALUES (30, 168);
INSERT INTO `tripulaciones`.`tbVotingReasons`(`idVoting`,`idReason`) VALUES (168, 9);
INSERT INTO `tripulaciones`.`tbVoting`(`idVoting`, `idEmployee`,`idCompany`,`previousDay`,`previousDayScore`,`currentDay`,`currentDayScore`) VALUES (169, 1, 1, '2023-06-16', 4, '2023-06-17', 3);
INSERT INTO `tripulaciones`.`tbVoting`(`idVoting`, `idEmployee`,`idCompany`,`previousDay`,`previousDayScore`,`currentDay`,`currentDayScore`) VALUES (170, 1, 1, '2023-06-17', 5, '2023-06-18', 5);
INSERT INTO `tripulaciones`.`tbVoting`(`idVoting`, `idEmployee`,`idCompany`,`previousDay`,`previousDayScore`,`currentDay`,`currentDayScore`) VALUES (171, 1, 1, '2023-06-18', 1, '2023-06-19', 5);
INSERT INTO `tripulaciones`.`tbVotingFeelings`(`idFeeling`,`idVoting`) VALUES (24, 171);
INSERT INTO `tripulaciones`.`tbVotingReasons`(`idVoting`,`idReason`) VALUES (171, 12);
INSERT INTO `tripulaciones`.`tbVotingFeelings`(`idFeeling`,`idVoting`) VALUES (10, 171);
INSERT INTO `tripulaciones`.`tbVotingReasons`(`idVoting`,`idReason`) VALUES (171, 4);
INSERT INTO `tripulaciones`.`tbVotingFeelings`(`idFeeling`,`idVoting`) VALUES (5, 171);
INSERT INTO `tripulaciones`.`tbVotingReasons`(`idVoting`,`idReason`) VALUES (171, 6);
INSERT INTO `tripulaciones`.`tbVoting`(`idVoting`, `idEmployee`,`idCompany`,`previousDay`,`previousDayScore`,`currentDay`,`currentDayScore`) VALUES (172, 1, 1, '2023-06-19', 3, '2023-06-20', 3);
INSERT INTO `tripulaciones`.`tbVoting`(`idVoting`, `idEmployee`,`idCompany`,`previousDay`,`previousDayScore`,`currentDay`,`currentDayScore`) VALUES (173, 1, 1, '2023-06-20', 3, '2023-06-21', 4);
INSERT INTO `tripulaciones`.`tbVoting`(`idVoting`, `idEmployee`,`idCompany`,`previousDay`,`previousDayScore`,`currentDay`,`currentDayScore`) VALUES (174, 1, 1, '2023-06-21', 3, '2023-06-22', 4);
INSERT INTO `tripulaciones`.`tbVotingFeelings`(`idFeeling`,`idVoting`) VALUES (9, 174);
INSERT INTO `tripulaciones`.`tbVotingReasons`(`idVoting`,`idReason`) VALUES (174, 3);
INSERT INTO `tripulaciones`.`tbVotingFeelings`(`idFeeling`,`idVoting`) VALUES (34, 174);
INSERT INTO `tripulaciones`.`tbVotingReasons`(`idVoting`,`idReason`) VALUES (174, 5);
INSERT INTO `tripulaciones`.`tbVotingFeelings`(`idFeeling`,`idVoting`) VALUES (20, 174);
INSERT INTO `tripulaciones`.`tbVotingReasons`(`idVoting`,`idReason`) VALUES (174, 8);
INSERT INTO `tripulaciones`.`tbVoting`(`idVoting`, `idEmployee`,`idCompany`,`previousDay`,`previousDayScore`,`currentDay`,`currentDayScore`) VALUES (175, 1, 1, '2023-06-22', 2, '2023-06-23', 3);
INSERT INTO `tripulaciones`.`tbVoting`(`idVoting`, `idEmployee`,`idCompany`,`previousDay`,`previousDayScore`,`currentDay`,`currentDayScore`) VALUES (176, 1, 1, '2023-06-23', 1, '2023-06-24', 3);
INSERT INTO `tripulaciones`.`tbVoting`(`idVoting`, `idEmployee`,`idCompany`,`previousDay`,`previousDayScore`,`currentDay`,`currentDayScore`) VALUES (177, 1, 1, '2023-06-24', 3, '2023-06-25', 3);
INSERT INTO `tripulaciones`.`tbVotingFeelings`(`idFeeling`,`idVoting`) VALUES (28, 177);
INSERT INTO `tripulaciones`.`tbVotingReasons`(`idVoting`,`idReason`) VALUES (177, 7);
INSERT INTO `tripulaciones`.`tbVotingFeelings`(`idFeeling`,`idVoting`) VALUES (9, 177);
INSERT INTO `tripulaciones`.`tbVotingReasons`(`idVoting`,`idReason`) VALUES (177, 4);
INSERT INTO `tripulaciones`.`tbVoting`(`idVoting`, `idEmployee`,`idCompany`,`previousDay`,`previousDayScore`,`currentDay`,`currentDayScore`) VALUES (178, 1, 1, '2023-06-25', 5, '2023-06-26', 5);
INSERT INTO `tripulaciones`.`tbVoting`(`idVoting`, `idEmployee`,`idCompany`,`previousDay`,`previousDayScore`,`currentDay`,`currentDayScore`) VALUES (179, 1, 1, '2023-06-26', 3, '2023-06-27', 4);
INSERT INTO `tripulaciones`.`tbVoting`(`idVoting`, `idEmployee`,`idCompany`,`previousDay`,`previousDayScore`,`currentDay`,`currentDayScore`) VALUES (180, 1, 1, '2023-06-27', 1, '2023-06-28', 4);
INSERT INTO `tripulaciones`.`tbVotingFeelings`(`idFeeling`,`idVoting`) VALUES (20, 180);
INSERT INTO `tripulaciones`.`tbVotingReasons`(`idVoting`,`idReason`) VALUES (180, 5);
INSERT INTO `tripulaciones`.`tbVoting`(`idVoting`, `idEmployee`,`idCompany`,`previousDay`,`previousDayScore`,`currentDay`,`currentDayScore`) VALUES (181, 1, 1, '2023-06-28', 3, '2023-06-29', 5);
INSERT INTO `tripulaciones`.`tbVoting`(`idVoting`, `idEmployee`,`idCompany`,`previousDay`,`previousDayScore`,`currentDay`,`currentDayScore`) VALUES (182, 1, 1, '2023-06-29', 2, '2023-06-30', 3);
INSERT INTO `tripulaciones`.`tbVoting`(`idVoting`, `idEmployee`,`idCompany`,`previousDay`,`previousDayScore`,`currentDay`,`currentDayScore`) VALUES (183, 1, 1, '2023-06-30', 3, '2023-07-01', 2);
INSERT INTO `tripulaciones`.`tbVotingFeelings`(`idFeeling`,`idVoting`) VALUES (30, 183);
INSERT INTO `tripulaciones`.`tbVotingReasons`(`idVoting`,`idReason`) VALUES (183, 9);
INSERT INTO `tripulaciones`.`tbVoting`(`idVoting`, `idEmployee`,`idCompany`,`previousDay`,`previousDayScore`,`currentDay`,`currentDayScore`) VALUES (184, 1, 1, '2023-07-01', 3, '2023-07-02', 2);
INSERT INTO `tripulaciones`.`tbVoting`(`idVoting`, `idEmployee`,`idCompany`,`previousDay`,`previousDayScore`,`currentDay`,`currentDayScore`) VALUES (185, 1, 1, '2023-07-02', 1, '2023-07-03', 2);
INSERT INTO `tripulaciones`.`tbVoting`(`idVoting`, `idEmployee`,`idCompany`,`previousDay`,`previousDayScore`,`currentDay`,`currentDayScore`) VALUES (186, 1, 1, '2023-07-03', 3, '2023-07-04', 3);
INSERT INTO `tripulaciones`.`tbVotingFeelings`(`idFeeling`,`idVoting`) VALUES (18, 186);
INSERT INTO `tripulaciones`.`tbVotingReasons`(`idVoting`,`idReason`) VALUES (186, 9);
INSERT INTO `tripulaciones`.`tbVotingFeelings`(`idFeeling`,`idVoting`) VALUES (34, 186);
INSERT INTO `tripulaciones`.`tbVotingReasons`(`idVoting`,`idReason`) VALUES (186, 2);
INSERT INTO `tripulaciones`.`tbVotingFeelings`(`idFeeling`,`idVoting`) VALUES (31, 186);
INSERT INTO `tripulaciones`.`tbVotingReasons`(`idVoting`,`idReason`) VALUES (186, 10);
INSERT INTO `tripulaciones`.`tbVoting`(`idVoting`, `idEmployee`,`idCompany`,`previousDay`,`previousDayScore`,`currentDay`,`currentDayScore`) VALUES (187, 1, 1, '2023-07-04', 3, '2023-07-05', 1);
INSERT INTO `tripulaciones`.`tbVoting`(`idVoting`, `idEmployee`,`idCompany`,`previousDay`,`previousDayScore`,`currentDay`,`currentDayScore`) VALUES (188, 1, 1, '2023-07-05', 3, '2023-07-06', 4);
INSERT INTO `tripulaciones`.`tbVoting`(`idVoting`, `idEmployee`,`idCompany`,`previousDay`,`previousDayScore`,`currentDay`,`currentDayScore`) VALUES (189, 1, 1, '2023-07-06', 1, '2023-07-07', 5);
INSERT INTO `tripulaciones`.`tbVotingFeelings`(`idFeeling`,`idVoting`) VALUES (19, 189);
INSERT INTO `tripulaciones`.`tbVotingReasons`(`idVoting`,`idReason`) VALUES (189, 3);
INSERT INTO `tripulaciones`.`tbVotingFeelings`(`idFeeling`,`idVoting`) VALUES (15, 189);
INSERT INTO `tripulaciones`.`tbVotingReasons`(`idVoting`,`idReason`) VALUES (189, 12);
INSERT INTO `tripulaciones`.`tbVoting`(`idVoting`, `idEmployee`,`idCompany`,`previousDay`,`previousDayScore`,`currentDay`,`currentDayScore`) VALUES (190, 1, 1, '2023-07-07', 2, '2023-07-08', 3);
INSERT INTO `tripulaciones`.`tbVoting`(`idVoting`, `idEmployee`,`idCompany`,`previousDay`,`previousDayScore`,`currentDay`,`currentDayScore`) VALUES (191, 1, 1, '2023-07-08', 3, '2023-07-09', 3);
INSERT INTO `tripulaciones`.`tbVoting`(`idVoting`, `idEmployee`,`idCompany`,`previousDay`,`previousDayScore`,`currentDay`,`currentDayScore`) VALUES (192, 1, 1, '2023-07-09', 3, '2023-07-10', 4);
INSERT INTO `tripulaciones`.`tbVotingFeelings`(`idFeeling`,`idVoting`) VALUES (27, 192);
INSERT INTO `tripulaciones`.`tbVotingReasons`(`idVoting`,`idReason`) VALUES (192, 3);
INSERT INTO `tripulaciones`.`tbVotingFeelings`(`idFeeling`,`idVoting`) VALUES (8, 192);
INSERT INTO `tripulaciones`.`tbVotingReasons`(`idVoting`,`idReason`) VALUES (192, 2);
INSERT INTO `tripulaciones`.`tbVoting`(`idVoting`, `idEmployee`,`idCompany`,`previousDay`,`previousDayScore`,`currentDay`,`currentDayScore`) VALUES (193, 1, 1, '2023-07-10', 2, '2023-07-11', 4);
INSERT INTO `tripulaciones`.`tbVoting`(`idVoting`, `idEmployee`,`idCompany`,`previousDay`,`previousDayScore`,`currentDay`,`currentDayScore`) VALUES (194, 1, 1, '2023-07-11', 1, '2023-07-12', 4);
INSERT INTO `tripulaciones`.`tbVoting`(`idVoting`, `idEmployee`,`idCompany`,`previousDay`,`previousDayScore`,`currentDay`,`currentDayScore`) VALUES (195, 1, 1, '2023-07-12', 3, '2023-07-13', 3);
INSERT INTO `tripulaciones`.`tbVotingFeelings`(`idFeeling`,`idVoting`) VALUES (1, 195);
INSERT INTO `tripulaciones`.`tbVotingReasons`(`idVoting`,`idReason`) VALUES (195, 7);
INSERT INTO `tripulaciones`.`tbVoting`(`idVoting`, `idEmployee`,`idCompany`,`previousDay`,`previousDayScore`,`currentDay`,`currentDayScore`) VALUES (196, 1, 1, '2023-07-13', 4, '2023-07-14', 5);
INSERT INTO `tripulaciones`.`tbVoting`(`idVoting`, `idEmployee`,`idCompany`,`previousDay`,`previousDayScore`,`currentDay`,`currentDayScore`) VALUES (197, 1, 1, '2023-07-14', 1, '2023-07-15', 3);
INSERT INTO `tripulaciones`.`tbVoting`(`idVoting`, `idEmployee`,`idCompany`,`previousDay`,`previousDayScore`,`currentDay`,`currentDayScore`) VALUES (198, 1, 1, '2023-07-15', 3, '2023-07-16', 2);
INSERT INTO `tripulaciones`.`tbVotingFeelings`(`idFeeling`,`idVoting`) VALUES (2, 198);
INSERT INTO `tripulaciones`.`tbVotingReasons`(`idVoting`,`idReason`) VALUES (198, 9);
INSERT INTO `tripulaciones`.`tbVotingFeelings`(`idFeeling`,`idVoting`) VALUES (16, 198);
INSERT INTO `tripulaciones`.`tbVotingReasons`(`idVoting`,`idReason`) VALUES (198, 4);
INSERT INTO `tripulaciones`.`tbVotingFeelings`(`idFeeling`,`idVoting`) VALUES (5, 198);
INSERT INTO `tripulaciones`.`tbVotingReasons`(`idVoting`,`idReason`) VALUES (198, 7);
INSERT INTO `tripulaciones`.`tbVoting`(`idVoting`, `idEmployee`,`idCompany`,`previousDay`,`previousDayScore`,`currentDay`,`currentDayScore`) VALUES (199, 1, 1, '2023-07-16', 3, '2023-07-17', 3);
INSERT INTO `tripulaciones`.`tbVoting`(`idVoting`, `idEmployee`,`idCompany`,`previousDay`,`previousDayScore`,`currentDay`,`currentDayScore`) VALUES (200, 1, 1, '2023-07-17', 3, '2023-07-18', 3);
INSERT INTO `tripulaciones`.`tbVoting`(`idVoting`, `idEmployee`,`idCompany`,`previousDay`,`previousDayScore`,`currentDay`,`currentDayScore`) VALUES (201, 1, 1, '2023-07-18', 3, '2023-07-19', 4);
INSERT INTO `tripulaciones`.`tbVotingFeelings`(`idFeeling`,`idVoting`) VALUES (24, 201);
INSERT INTO `tripulaciones`.`tbVotingReasons`(`idVoting`,`idReason`) VALUES (201, 5);
INSERT INTO `tripulaciones`.`tbVoting`(`idVoting`, `idEmployee`,`idCompany`,`previousDay`,`previousDayScore`,`currentDay`,`currentDayScore`) VALUES (202, 1, 1, '2023-07-19', 3, '2023-07-20', 1);
INSERT INTO `tripulaciones`.`tbVoting`(`idVoting`, `idEmployee`,`idCompany`,`previousDay`,`previousDayScore`,`currentDay`,`currentDayScore`) VALUES (203, 1, 1, '2023-07-20', 3, '2023-07-21', 3);
INSERT INTO `tripulaciones`.`tbVoting`(`idVoting`, `idEmployee`,`idCompany`,`previousDay`,`previousDayScore`,`currentDay`,`currentDayScore`) VALUES (204, 1, 1, '2023-07-21', 4, '2023-07-22', 5);
INSERT INTO `tripulaciones`.`tbVotingFeelings`(`idFeeling`,`idVoting`) VALUES (34, 204);
INSERT INTO `tripulaciones`.`tbVotingReasons`(`idVoting`,`idReason`) VALUES (204, 7);
INSERT INTO `tripulaciones`.`tbVotingFeelings`(`idFeeling`,`idVoting`) VALUES (31, 204);
INSERT INTO `tripulaciones`.`tbVotingReasons`(`idVoting`,`idReason`) VALUES (204, 4);
INSERT INTO `tripulaciones`.`tbVotingFeelings`(`idFeeling`,`idVoting`) VALUES (6, 204);
INSERT INTO `tripulaciones`.`tbVotingReasons`(`idVoting`,`idReason`) VALUES (204, 11);
INSERT INTO `tripulaciones`.`tbVoting`(`idVoting`, `idEmployee`,`idCompany`,`previousDay`,`previousDayScore`,`currentDay`,`currentDayScore`) VALUES (205, 1, 1, '2023-07-22', 3, '2023-07-23', 5);
INSERT INTO `tripulaciones`.`tbVoting`(`idVoting`, `idEmployee`,`idCompany`,`previousDay`,`previousDayScore`,`currentDay`,`currentDayScore`) VALUES (206, 1, 1, '2023-07-23', 2, '2023-07-24', 1);
INSERT INTO `tripulaciones`.`tbVoting`(`idVoting`, `idEmployee`,`idCompany`,`previousDay`,`previousDayScore`,`currentDay`,`currentDayScore`) VALUES (207, 1, 1, '2023-07-24', 2, '2023-07-25', 2);
INSERT INTO `tripulaciones`.`tbVotingFeelings`(`idFeeling`,`idVoting`) VALUES (34, 207);
INSERT INTO `tripulaciones`.`tbVotingReasons`(`idVoting`,`idReason`) VALUES (207, 1);
INSERT INTO `tripulaciones`.`tbVotingFeelings`(`idFeeling`,`idVoting`) VALUES (18, 207);
INSERT INTO `tripulaciones`.`tbVotingReasons`(`idVoting`,`idReason`) VALUES (207, 11);
INSERT INTO `tripulaciones`.`tbVotingFeelings`(`idFeeling`,`idVoting`) VALUES (16, 207);
INSERT INTO `tripulaciones`.`tbVotingReasons`(`idVoting`,`idReason`) VALUES (207, 1);
INSERT INTO `tripulaciones`.`tbVoting`(`idVoting`, `idEmployee`,`idCompany`,`previousDay`,`previousDayScore`,`currentDay`,`currentDayScore`) VALUES (208, 1, 1, '2023-07-25', 3, '2023-07-26', 3);
INSERT INTO `tripulaciones`.`tbVoting`(`idVoting`, `idEmployee`,`idCompany`,`previousDay`,`previousDayScore`,`currentDay`,`currentDayScore`) VALUES (209, 1, 1, '2023-07-26', 3, '2023-07-27', 3);
INSERT INTO `tripulaciones`.`tbVoting`(`idVoting`, `idEmployee`,`idCompany`,`previousDay`,`previousDayScore`,`currentDay`,`currentDayScore`) VALUES (210, 1, 1, '2023-07-27', 3, '2023-07-28', 5);
INSERT INTO `tripulaciones`.`tbVotingFeelings`(`idFeeling`,`idVoting`) VALUES (34, 210);
INSERT INTO `tripulaciones`.`tbVotingReasons`(`idVoting`,`idReason`) VALUES (210, 7);
INSERT INTO `tripulaciones`.`tbVotingFeelings`(`idFeeling`,`idVoting`) VALUES (16, 210);
INSERT INTO `tripulaciones`.`tbVotingReasons`(`idVoting`,`idReason`) VALUES (210, 2);
INSERT INTO `tripulaciones`.`tbVoting`(`idVoting`, `idEmployee`,`idCompany`,`previousDay`,`previousDayScore`,`currentDay`,`currentDayScore`) VALUES (211, 1, 1, '2023-07-28', 3, '2023-07-29', 1);
INSERT INTO `tripulaciones`.`tbVoting`(`idVoting`, `idEmployee`,`idCompany`,`previousDay`,`previousDayScore`,`currentDay`,`currentDayScore`) VALUES (212, 1, 1, '2023-07-29', 3, '2023-07-30', 3);
INSERT INTO `tripulaciones`.`tbVoting`(`idVoting`, `idEmployee`,`idCompany`,`previousDay`,`previousDayScore`,`currentDay`,`currentDayScore`) VALUES (213, 1, 1, '2023-07-30', 1, '2023-07-31', 3);
INSERT INTO `tripulaciones`.`tbVotingFeelings`(`idFeeling`,`idVoting`) VALUES (31, 213);
INSERT INTO `tripulaciones`.`tbVotingReasons`(`idVoting`,`idReason`) VALUES (213, 5);
INSERT INTO `tripulaciones`.`tbVotingFeelings`(`idFeeling`,`idVoting`) VALUES (25, 213);
INSERT INTO `tripulaciones`.`tbVotingReasons`(`idVoting`,`idReason`) VALUES (213, 2);
INSERT INTO `tripulaciones`.`tbVotingFeelings`(`idFeeling`,`idVoting`) VALUES (2, 213);
INSERT INTO `tripulaciones`.`tbVotingReasons`(`idVoting`,`idReason`) VALUES (213, 10);
INSERT INTO `tripulaciones`.`tbVoting`(`idVoting`, `idEmployee`,`idCompany`,`previousDay`,`previousDayScore`,`currentDay`,`currentDayScore`) VALUES (214, 1, 1, '2023-07-31', 4, '2023-08-01', 3);
INSERT INTO `tripulaciones`.`tbVoting`(`idVoting`, `idEmployee`,`idCompany`,`previousDay`,`previousDayScore`,`currentDay`,`currentDayScore`) VALUES (215, 1, 1, '2023-08-01', 3, '2023-08-02', 2);
INSERT INTO `tripulaciones`.`tbVoting`(`idVoting`, `idEmployee`,`idCompany`,`previousDay`,`previousDayScore`,`currentDay`,`currentDayScore`) VALUES (216, 1, 1, '2023-08-02', 5, '2023-08-03', 3);
INSERT INTO `tripulaciones`.`tbVotingFeelings`(`idFeeling`,`idVoting`) VALUES (3, 216);
INSERT INTO `tripulaciones`.`tbVotingReasons`(`idVoting`,`idReason`) VALUES (216, 3);
INSERT INTO `tripulaciones`.`tbVotingFeelings`(`idFeeling`,`idVoting`) VALUES (13, 216);
INSERT INTO `tripulaciones`.`tbVotingReasons`(`idVoting`,`idReason`) VALUES (216, 6);
INSERT INTO `tripulaciones`.`tbVotingFeelings`(`idFeeling`,`idVoting`) VALUES (13, 216);
INSERT INTO `tripulaciones`.`tbVotingReasons`(`idVoting`,`idReason`) VALUES (216, 1);
INSERT INTO `tripulaciones`.`tbVoting`(`idVoting`, `idEmployee`,`idCompany`,`previousDay`,`previousDayScore`,`currentDay`,`currentDayScore`) VALUES (217, 1, 1, '2023-08-03', 3, '2023-08-04', 3);
INSERT INTO `tripulaciones`.`tbVoting`(`idVoting`, `idEmployee`,`idCompany`,`previousDay`,`previousDayScore`,`currentDay`,`currentDayScore`) VALUES (218, 1, 1, '2023-08-04', 5, '2023-08-05', 5);
INSERT INTO `tripulaciones`.`tbVoting`(`idVoting`, `idEmployee`,`idCompany`,`previousDay`,`previousDayScore`,`currentDay`,`currentDayScore`) VALUES (219, 1, 1, '2023-08-05', 3, '2023-08-06', 3);
INSERT INTO `tripulaciones`.`tbVotingFeelings`(`idFeeling`,`idVoting`) VALUES (10, 219);
INSERT INTO `tripulaciones`.`tbVotingReasons`(`idVoting`,`idReason`) VALUES (219, 2);
INSERT INTO `tripulaciones`.`tbVoting`(`idVoting`, `idEmployee`,`idCompany`,`previousDay`,`previousDayScore`,`currentDay`,`currentDayScore`) VALUES (220, 1, 1, '2023-08-06', 4, '2023-08-07', 5);
INSERT INTO `tripulaciones`.`tbVoting`(`idVoting`, `idEmployee`,`idCompany`,`previousDay`,`previousDayScore`,`currentDay`,`currentDayScore`) VALUES (221, 1, 1, '2023-08-07', 3, '2023-08-08', 5);
INSERT INTO `tripulaciones`.`tbVoting`(`idVoting`, `idEmployee`,`idCompany`,`previousDay`,`previousDayScore`,`currentDay`,`currentDayScore`) VALUES (222, 1, 1, '2023-08-08', 3, '2023-08-09', 3);
INSERT INTO `tripulaciones`.`tbVotingFeelings`(`idFeeling`,`idVoting`) VALUES (19, 222);
INSERT INTO `tripulaciones`.`tbVotingReasons`(`idVoting`,`idReason`) VALUES (222, 11);
INSERT INTO `tripulaciones`.`tbVoting`(`idVoting`, `idEmployee`,`idCompany`,`previousDay`,`previousDayScore`,`currentDay`,`currentDayScore`) VALUES (223, 1, 1, '2023-08-09', 5, '2023-08-10', 4);
INSERT INTO `tripulaciones`.`tbVoting`(`idVoting`, `idEmployee`,`idCompany`,`previousDay`,`previousDayScore`,`currentDay`,`currentDayScore`) VALUES (224, 1, 1, '2023-08-10', 1, '2023-08-11', 5);
INSERT INTO `tripulaciones`.`tbVoting`(`idVoting`, `idEmployee`,`idCompany`,`previousDay`,`previousDayScore`,`currentDay`,`currentDayScore`) VALUES (225, 1, 1, '2023-08-11', 3, '2023-08-12', 5);
INSERT INTO `tripulaciones`.`tbVotingFeelings`(`idFeeling`,`idVoting`) VALUES (22, 225);
INSERT INTO `tripulaciones`.`tbVotingReasons`(`idVoting`,`idReason`) VALUES (225, 1);
INSERT INTO `tripulaciones`.`tbVotingFeelings`(`idFeeling`,`idVoting`) VALUES (34, 225);
INSERT INTO `tripulaciones`.`tbVotingReasons`(`idVoting`,`idReason`) VALUES (225, 10);
INSERT INTO `tripulaciones`.`tbVoting`(`idVoting`, `idEmployee`,`idCompany`,`previousDay`,`previousDayScore`,`currentDay`,`currentDayScore`) VALUES (226, 1, 1, '2023-08-12', 3, '2023-08-13', 4);
INSERT INTO `tripulaciones`.`tbVoting`(`idVoting`, `idEmployee`,`idCompany`,`previousDay`,`previousDayScore`,`currentDay`,`currentDayScore`) VALUES (227, 1, 1, '2023-08-13', 1, '2023-08-14', 2);
INSERT INTO `tripulaciones`.`tbVoting`(`idVoting`, `idEmployee`,`idCompany`,`previousDay`,`previousDayScore`,`currentDay`,`currentDayScore`) VALUES (228, 1, 1, '2023-08-14', 3, '2023-08-15', 5);
INSERT INTO `tripulaciones`.`tbVotingFeelings`(`idFeeling`,`idVoting`) VALUES (18, 228);
INSERT INTO `tripulaciones`.`tbVotingReasons`(`idVoting`,`idReason`) VALUES (228, 8);
INSERT INTO `tripulaciones`.`tbVotingFeelings`(`idFeeling`,`idVoting`) VALUES (21, 228);
INSERT INTO `tripulaciones`.`tbVotingReasons`(`idVoting`,`idReason`) VALUES (228, 3);
INSERT INTO `tripulaciones`.`tbVotingFeelings`(`idFeeling`,`idVoting`) VALUES (25, 228);
INSERT INTO `tripulaciones`.`tbVotingReasons`(`idVoting`,`idReason`) VALUES (228, 7);
INSERT INTO `tripulaciones`.`tbVoting`(`idVoting`, `idEmployee`,`idCompany`,`previousDay`,`previousDayScore`,`currentDay`,`currentDayScore`) VALUES (229, 1, 1, '2023-08-15', 5, '2023-08-16', 3);
INSERT INTO `tripulaciones`.`tbVoting`(`idVoting`, `idEmployee`,`idCompany`,`previousDay`,`previousDayScore`,`currentDay`,`currentDayScore`) VALUES (230, 1, 1, '2023-08-16', 3, '2023-08-17', 3);
INSERT INTO `tripulaciones`.`tbVoting`(`idVoting`, `idEmployee`,`idCompany`,`previousDay`,`previousDayScore`,`currentDay`,`currentDayScore`) VALUES (231, 1, 1, '2023-08-17', 4, '2023-08-18', 4);
INSERT INTO `tripulaciones`.`tbVotingFeelings`(`idFeeling`,`idVoting`) VALUES (18, 231);
INSERT INTO `tripulaciones`.`tbVotingReasons`(`idVoting`,`idReason`) VALUES (231, 5);
INSERT INTO `tripulaciones`.`tbVotingFeelings`(`idFeeling`,`idVoting`) VALUES (15, 231);
INSERT INTO `tripulaciones`.`tbVotingReasons`(`idVoting`,`idReason`) VALUES (231, 4);
INSERT INTO `tripulaciones`.`tbVotingFeelings`(`idFeeling`,`idVoting`) VALUES (34, 231);
INSERT INTO `tripulaciones`.`tbVotingReasons`(`idVoting`,`idReason`) VALUES (231, 12);
INSERT INTO `tripulaciones`.`tbVoting`(`idVoting`, `idEmployee`,`idCompany`,`previousDay`,`previousDayScore`,`currentDay`,`currentDayScore`) VALUES (232, 1, 1, '2023-08-18', 3, '2023-08-19', 5);
INSERT INTO `tripulaciones`.`tbVoting`(`idVoting`, `idEmployee`,`idCompany`,`previousDay`,`previousDayScore`,`currentDay`,`currentDayScore`) VALUES (233, 1, 1, '2023-08-19', 3, '2023-08-20', 4);
INSERT INTO `tripulaciones`.`tbVoting`(`idVoting`, `idEmployee`,`idCompany`,`previousDay`,`previousDayScore`,`currentDay`,`currentDayScore`) VALUES (234, 1, 1, '2023-08-20', 5, '2023-08-21', 1);
INSERT INTO `tripulaciones`.`tbVotingFeelings`(`idFeeling`,`idVoting`) VALUES (19, 234);
INSERT INTO `tripulaciones`.`tbVotingReasons`(`idVoting`,`idReason`) VALUES (234, 8);
INSERT INTO `tripulaciones`.`tbVoting`(`idVoting`, `idEmployee`,`idCompany`,`previousDay`,`previousDayScore`,`currentDay`,`currentDayScore`) VALUES (235, 1, 1, '2023-08-21', 3, '2023-08-22', 1);
INSERT INTO `tripulaciones`.`tbVoting`(`idVoting`, `idEmployee`,`idCompany`,`previousDay`,`previousDayScore`,`currentDay`,`currentDayScore`) VALUES (236, 1, 1, '2023-08-22', 2, '2023-08-23', 4);
INSERT INTO `tripulaciones`.`tbVoting`(`idVoting`, `idEmployee`,`idCompany`,`previousDay`,`previousDayScore`,`currentDay`,`currentDayScore`) VALUES (237, 1, 1, '2023-08-23', 3, '2023-08-24', 5);
INSERT INTO `tripulaciones`.`tbVotingFeelings`(`idFeeling`,`idVoting`) VALUES (10, 237);
INSERT INTO `tripulaciones`.`tbVotingReasons`(`idVoting`,`idReason`) VALUES (237, 8);
INSERT INTO `tripulaciones`.`tbVoting`(`idVoting`, `idEmployee`,`idCompany`,`previousDay`,`previousDayScore`,`currentDay`,`currentDayScore`) VALUES (238, 1, 1, '2023-08-24', 3, '2023-08-25', 3);
INSERT INTO `tripulaciones`.`tbVoting`(`idVoting`, `idEmployee`,`idCompany`,`previousDay`,`previousDayScore`,`currentDay`,`currentDayScore`) VALUES (239, 1, 1, '2023-08-25', 2, '2023-08-26', 4);
INSERT INTO `tripulaciones`.`tbVoting`(`idVoting`, `idEmployee`,`idCompany`,`previousDay`,`previousDayScore`,`currentDay`,`currentDayScore`) VALUES (240, 1, 1, '2023-08-26', 1, '2023-08-27', 1);
INSERT INTO `tripulaciones`.`tbVotingFeelings`(`idFeeling`,`idVoting`) VALUES (2, 240);
INSERT INTO `tripulaciones`.`tbVotingReasons`(`idVoting`,`idReason`) VALUES (240, 11);
INSERT INTO `tripulaciones`.`tbVoting`(`idVoting`, `idEmployee`,`idCompany`,`previousDay`,`previousDayScore`,`currentDay`,`currentDayScore`) VALUES (241, 1, 1, '2023-08-27', 3, '2023-08-28', 3);
INSERT INTO `tripulaciones`.`tbVoting`(`idVoting`, `idEmployee`,`idCompany`,`previousDay`,`previousDayScore`,`currentDay`,`currentDayScore`) VALUES (242, 1, 1, '2023-08-28', 5, '2023-08-29', 5);
INSERT INTO `tripulaciones`.`tbVoting`(`idVoting`, `idEmployee`,`idCompany`,`previousDay`,`previousDayScore`,`currentDay`,`currentDayScore`) VALUES (243, 1, 1, '2023-08-29', 4, '2023-08-30', 5);
INSERT INTO `tripulaciones`.`tbVotingFeelings`(`idFeeling`,`idVoting`) VALUES (32, 243);
INSERT INTO `tripulaciones`.`tbVotingReasons`(`idVoting`,`idReason`) VALUES (243, 1);
INSERT INTO `tripulaciones`.`tbVotingFeelings`(`idFeeling`,`idVoting`) VALUES (2, 243);
INSERT INTO `tripulaciones`.`tbVotingReasons`(`idVoting`,`idReason`) VALUES (243, 10);
INSERT INTO `tripulaciones`.`tbVotingFeelings`(`idFeeling`,`idVoting`) VALUES (17, 243);
INSERT INTO `tripulaciones`.`tbVotingReasons`(`idVoting`,`idReason`) VALUES (243, 8);
INSERT INTO `tripulaciones`.`tbVoting`(`idVoting`, `idEmployee`,`idCompany`,`previousDay`,`previousDayScore`,`currentDay`,`currentDayScore`) VALUES (244, 1, 1, '2023-08-30', 5, '2023-08-31', 3);
INSERT INTO `tripulaciones`.`tbVoting`(`idVoting`, `idEmployee`,`idCompany`,`previousDay`,`previousDayScore`,`currentDay`,`currentDayScore`) VALUES (245, 1, 1, '2023-08-31', 3, '2023-09-01', 4);
INSERT INTO `tripulaciones`.`tbVoting`(`idVoting`, `idEmployee`,`idCompany`,`previousDay`,`previousDayScore`,`currentDay`,`currentDayScore`) VALUES (246, 1, 1, '2023-09-01', 3, '2023-09-02', 5);
INSERT INTO `tripulaciones`.`tbVotingFeelings`(`idFeeling`,`idVoting`) VALUES (2, 246);
INSERT INTO `tripulaciones`.`tbVotingReasons`(`idVoting`,`idReason`) VALUES (246, 12);
INSERT INTO `tripulaciones`.`tbVotingFeelings`(`idFeeling`,`idVoting`) VALUES (22, 246);
INSERT INTO `tripulaciones`.`tbVotingReasons`(`idVoting`,`idReason`) VALUES (246, 3);
INSERT INTO `tripulaciones`.`tbVotingFeelings`(`idFeeling`,`idVoting`) VALUES (15, 246);
INSERT INTO `tripulaciones`.`tbVotingReasons`(`idVoting`,`idReason`) VALUES (246, 3);
INSERT INTO `tripulaciones`.`tbVoting`(`idVoting`, `idEmployee`,`idCompany`,`previousDay`,`previousDayScore`,`currentDay`,`currentDayScore`) VALUES (247, 1, 1, '2023-09-02', 2, '2023-09-03', 3);
INSERT INTO `tripulaciones`.`tbVoting`(`idVoting`, `idEmployee`,`idCompany`,`previousDay`,`previousDayScore`,`currentDay`,`currentDayScore`) VALUES (248, 1, 1, '2023-09-03', 3, '2023-09-04', 1);
INSERT INTO `tripulaciones`.`tbVoting`(`idVoting`, `idEmployee`,`idCompany`,`previousDay`,`previousDayScore`,`currentDay`,`currentDayScore`) VALUES (249, 1, 1, '2023-09-04', 3, '2023-09-05', 5);
INSERT INTO `tripulaciones`.`tbVotingFeelings`(`idFeeling`,`idVoting`) VALUES (7, 249);
INSERT INTO `tripulaciones`.`tbVotingReasons`(`idVoting`,`idReason`) VALUES (249, 5);
INSERT INTO `tripulaciones`.`tbVotingFeelings`(`idFeeling`,`idVoting`) VALUES (27, 249);
INSERT INTO `tripulaciones`.`tbVotingReasons`(`idVoting`,`idReason`) VALUES (249, 1);
INSERT INTO `tripulaciones`.`tbVotingFeelings`(`idFeeling`,`idVoting`) VALUES (20, 249);
INSERT INTO `tripulaciones`.`tbVotingReasons`(`idVoting`,`idReason`) VALUES (249, 4);
INSERT INTO `tripulaciones`.`tbVoting`(`idVoting`, `idEmployee`,`idCompany`,`previousDay`,`previousDayScore`,`currentDay`,`currentDayScore`) VALUES (250, 1, 1, '2023-09-05', 2, '2023-09-06', 3);
INSERT INTO `tripulaciones`.`tbVoting`(`idVoting`, `idEmployee`,`idCompany`,`previousDay`,`previousDayScore`,`currentDay`,`currentDayScore`) VALUES (251, 1, 1, '2023-09-06', 3, '2023-09-07', 5);
INSERT INTO `tripulaciones`.`tbVoting`(`idVoting`, `idEmployee`,`idCompany`,`previousDay`,`previousDayScore`,`currentDay`,`currentDayScore`) VALUES (252, 1, 1, '2023-09-07', 2, '2023-09-08', 1);
INSERT INTO `tripulaciones`.`tbVotingFeelings`(`idFeeling`,`idVoting`) VALUES (15, 252);
INSERT INTO `tripulaciones`.`tbVotingReasons`(`idVoting`,`idReason`) VALUES (252, 9);
INSERT INTO `tripulaciones`.`tbVoting`(`idVoting`, `idEmployee`,`idCompany`,`previousDay`,`previousDayScore`,`currentDay`,`currentDayScore`) VALUES (253, 1, 1, '2023-09-08', 1, '2023-09-09', 5);
INSERT INTO `tripulaciones`.`tbVoting`(`idVoting`, `idEmployee`,`idCompany`,`previousDay`,`previousDayScore`,`currentDay`,`currentDayScore`) VALUES (254, 1, 1, '2023-09-09', 3, '2023-09-10', 1);
INSERT INTO `tripulaciones`.`tbVoting`(`idVoting`, `idEmployee`,`idCompany`,`previousDay`,`previousDayScore`,`currentDay`,`currentDayScore`) VALUES (255, 1, 1, '2023-09-10', 4, '2023-09-11', 3);
INSERT INTO `tripulaciones`.`tbVotingFeelings`(`idFeeling`,`idVoting`) VALUES (4, 255);
INSERT INTO `tripulaciones`.`tbVotingReasons`(`idVoting`,`idReason`) VALUES (255, 7);
INSERT INTO `tripulaciones`.`tbVoting`(`idVoting`, `idEmployee`,`idCompany`,`previousDay`,`previousDayScore`,`currentDay`,`currentDayScore`) VALUES (256, 1, 1, '2023-09-11', 5, '2023-09-12', 2);
INSERT INTO `tripulaciones`.`tbVoting`(`idVoting`, `idEmployee`,`idCompany`,`previousDay`,`previousDayScore`,`currentDay`,`currentDayScore`) VALUES (257, 1, 1, '2023-09-12', 3, '2023-09-13', 3);
INSERT INTO `tripulaciones`.`tbVoting`(`idVoting`, `idEmployee`,`idCompany`,`previousDay`,`previousDayScore`,`currentDay`,`currentDayScore`) VALUES (258, 1, 1, '2023-09-13', 3, '2023-09-14', 3);
INSERT INTO `tripulaciones`.`tbVotingFeelings`(`idFeeling`,`idVoting`) VALUES (24, 258);
INSERT INTO `tripulaciones`.`tbVotingReasons`(`idVoting`,`idReason`) VALUES (258, 11);
INSERT INTO `tripulaciones`.`tbVotingFeelings`(`idFeeling`,`idVoting`) VALUES (6, 258);
INSERT INTO `tripulaciones`.`tbVotingReasons`(`idVoting`,`idReason`) VALUES (258, 1);
INSERT INTO `tripulaciones`.`tbVoting`(`idVoting`, `idEmployee`,`idCompany`,`previousDay`,`previousDayScore`,`currentDay`,`currentDayScore`) VALUES (259, 1, 1, '2023-09-14', 3, '2023-09-15', 3);
INSERT INTO `tripulaciones`.`tbVoting`(`idVoting`, `idEmployee`,`idCompany`,`previousDay`,`previousDayScore`,`currentDay`,`currentDayScore`) VALUES (260, 1, 1, '2023-09-15', 3, '2023-09-16', 4);
INSERT INTO `tripulaciones`.`tbVoting`(`idVoting`, `idEmployee`,`idCompany`,`previousDay`,`previousDayScore`,`currentDay`,`currentDayScore`) VALUES (261, 1, 1, '2023-09-16', 3, '2023-09-17', 3);
INSERT INTO `tripulaciones`.`tbVotingFeelings`(`idFeeling`,`idVoting`) VALUES (6, 261);
INSERT INTO `tripulaciones`.`tbVotingReasons`(`idVoting`,`idReason`) VALUES (261, 8);
INSERT INTO `tripulaciones`.`tbVotingFeelings`(`idFeeling`,`idVoting`) VALUES (8, 261);
INSERT INTO `tripulaciones`.`tbVotingReasons`(`idVoting`,`idReason`) VALUES (261, 3);
INSERT INTO `tripulaciones`.`tbVotingFeelings`(`idFeeling`,`idVoting`) VALUES (29, 261);
INSERT INTO `tripulaciones`.`tbVotingReasons`(`idVoting`,`idReason`) VALUES (261, 10);
INSERT INTO `tripulaciones`.`tbVoting`(`idVoting`, `idEmployee`,`idCompany`,`previousDay`,`previousDayScore`,`currentDay`,`currentDayScore`) VALUES (262, 1, 1, '2023-09-17', 3, '2023-09-18', 4);
INSERT INTO `tripulaciones`.`tbVoting`(`idVoting`, `idEmployee`,`idCompany`,`previousDay`,`previousDayScore`,`currentDay`,`currentDayScore`) VALUES (263, 1, 1, '2023-09-18', 3, '2023-09-19', 4);
INSERT INTO `tripulaciones`.`tbVoting`(`idVoting`, `idEmployee`,`idCompany`,`previousDay`,`previousDayScore`,`currentDay`,`currentDayScore`) VALUES (264, 1, 1, '2023-09-19', 1, '2023-09-20', 4);
INSERT INTO `tripulaciones`.`tbVotingFeelings`(`idFeeling`,`idVoting`) VALUES (23, 264);
INSERT INTO `tripulaciones`.`tbVotingReasons`(`idVoting`,`idReason`) VALUES (264, 2);
INSERT INTO `tripulaciones`.`tbVoting`(`idVoting`, `idEmployee`,`idCompany`,`previousDay`,`previousDayScore`,`currentDay`,`currentDayScore`) VALUES (265, 1, 1, '2023-09-20', 1, '2023-09-21', 3);
INSERT INTO `tripulaciones`.`tbVoting`(`idVoting`, `idEmployee`,`idCompany`,`previousDay`,`previousDayScore`,`currentDay`,`currentDayScore`) VALUES (266, 1, 1, '2023-09-21', 3, '2023-09-22', 3);
INSERT INTO `tripulaciones`.`tbVoting`(`idVoting`, `idEmployee`,`idCompany`,`previousDay`,`previousDayScore`,`currentDay`,`currentDayScore`) VALUES (267, 1, 1, '2023-09-22', 3, '2023-09-23', 3);
INSERT INTO `tripulaciones`.`tbVotingFeelings`(`idFeeling`,`idVoting`) VALUES (25, 267);
INSERT INTO `tripulaciones`.`tbVotingReasons`(`idVoting`,`idReason`) VALUES (267, 2);
INSERT INTO `tripulaciones`.`tbVotingFeelings`(`idFeeling`,`idVoting`) VALUES (21, 267);
INSERT INTO `tripulaciones`.`tbVotingReasons`(`idVoting`,`idReason`) VALUES (267, 5);
INSERT INTO `tripulaciones`.`tbVoting`(`idVoting`, `idEmployee`,`idCompany`,`previousDay`,`previousDayScore`,`currentDay`,`currentDayScore`) VALUES (268, 1, 1, '2023-09-23', 3, '2023-09-24', 3);
INSERT INTO `tripulaciones`.`tbVoting`(`idVoting`, `idEmployee`,`idCompany`,`previousDay`,`previousDayScore`,`currentDay`,`currentDayScore`) VALUES (269, 1, 1, '2023-09-24', 3, '2023-09-25', 3);
INSERT INTO `tripulaciones`.`tbVoting`(`idVoting`, `idEmployee`,`idCompany`,`previousDay`,`previousDayScore`,`currentDay`,`currentDayScore`) VALUES (270, 1, 1, '2023-09-25', 2, '2023-09-26', 5);
INSERT INTO `tripulaciones`.`tbVotingFeelings`(`idFeeling`,`idVoting`) VALUES (24, 270);
INSERT INTO `tripulaciones`.`tbVotingReasons`(`idVoting`,`idReason`) VALUES (270, 4);
INSERT INTO `tripulaciones`.`tbVotingFeelings`(`idFeeling`,`idVoting`) VALUES (4, 270);
INSERT INTO `tripulaciones`.`tbVotingReasons`(`idVoting`,`idReason`) VALUES (270, 9);
INSERT INTO `tripulaciones`.`tbVotingFeelings`(`idFeeling`,`idVoting`) VALUES (20, 270);
INSERT INTO `tripulaciones`.`tbVotingReasons`(`idVoting`,`idReason`) VALUES (270, 1);
INSERT INTO `tripulaciones`.`tbVoting`(`idVoting`, `idEmployee`,`idCompany`,`previousDay`,`previousDayScore`,`currentDay`,`currentDayScore`) VALUES (271, 1, 1, '2023-09-26', 3, '2023-09-27', 1);
INSERT INTO `tripulaciones`.`tbVoting`(`idVoting`, `idEmployee`,`idCompany`,`previousDay`,`previousDayScore`,`currentDay`,`currentDayScore`) VALUES (272, 1, 1, '2023-09-27', 3, '2023-09-28', 4);
INSERT INTO `tripulaciones`.`tbVoting`(`idVoting`, `idEmployee`,`idCompany`,`previousDay`,`previousDayScore`,`currentDay`,`currentDayScore`) VALUES (273, 1, 1, '2023-09-28', 4, '2023-09-29', 1);
INSERT INTO `tripulaciones`.`tbVotingFeelings`(`idFeeling`,`idVoting`) VALUES (26, 273);
INSERT INTO `tripulaciones`.`tbVotingReasons`(`idVoting`,`idReason`) VALUES (273, 1);
INSERT INTO `tripulaciones`.`tbVoting`(`idVoting`, `idEmployee`,`idCompany`,`previousDay`,`previousDayScore`,`currentDay`,`currentDayScore`) VALUES (274, 1, 1, '2023-09-29', 3, '2023-09-30', 2);
INSERT INTO `tripulaciones`.`tbVoting`(`idVoting`, `idEmployee`,`idCompany`,`previousDay`,`previousDayScore`,`currentDay`,`currentDayScore`) VALUES (275, 1, 1, '2023-09-30', 3, '2023-10-01', 5);
INSERT INTO `tripulaciones`.`tbVoting`(`idVoting`, `idEmployee`,`idCompany`,`previousDay`,`previousDayScore`,`currentDay`,`currentDayScore`) VALUES (276, 1, 1, '2023-10-01', 3, '2023-10-02', 3);
INSERT INTO `tripulaciones`.`tbVotingFeelings`(`idFeeling`,`idVoting`) VALUES (28, 276);
INSERT INTO `tripulaciones`.`tbVotingReasons`(`idVoting`,`idReason`) VALUES (276, 7);
INSERT INTO `tripulaciones`.`tbVotingFeelings`(`idFeeling`,`idVoting`) VALUES (11, 276);
INSERT INTO `tripulaciones`.`tbVotingReasons`(`idVoting`,`idReason`) VALUES (276, 2);
INSERT INTO `tripulaciones`.`tbVotingFeelings`(`idFeeling`,`idVoting`) VALUES (13, 276);
INSERT INTO `tripulaciones`.`tbVotingReasons`(`idVoting`,`idReason`) VALUES (276, 6);
INSERT INTO `tripulaciones`.`tbVoting`(`idVoting`, `idEmployee`,`idCompany`,`previousDay`,`previousDayScore`,`currentDay`,`currentDayScore`) VALUES (277, 1, 1, '2023-10-02', 3, '2023-10-03', 3);
INSERT INTO `tripulaciones`.`tbVoting`(`idVoting`, `idEmployee`,`idCompany`,`previousDay`,`previousDayScore`,`currentDay`,`currentDayScore`) VALUES (278, 1, 1, '2023-10-03', 3, '2023-10-04', 3);
INSERT INTO `tripulaciones`.`tbVoting`(`idVoting`, `idEmployee`,`idCompany`,`previousDay`,`previousDayScore`,`currentDay`,`currentDayScore`) VALUES (279, 1, 1, '2023-10-04', 2, '2023-10-05', 3);
INSERT INTO `tripulaciones`.`tbVotingFeelings`(`idFeeling`,`idVoting`) VALUES (3, 279);
INSERT INTO `tripulaciones`.`tbVotingReasons`(`idVoting`,`idReason`) VALUES (279, 8);
INSERT INTO `tripulaciones`.`tbVoting`(`idVoting`, `idEmployee`,`idCompany`,`previousDay`,`previousDayScore`,`currentDay`,`currentDayScore`) VALUES (280, 1, 1, '2023-10-05', 3, '2023-10-06', 4);
INSERT INTO `tripulaciones`.`tbVoting`(`idVoting`, `idEmployee`,`idCompany`,`previousDay`,`previousDayScore`,`currentDay`,`currentDayScore`) VALUES (281, 1, 1, '2023-10-06', 1, '2023-10-07', 4);
INSERT INTO `tripulaciones`.`tbVoting`(`idVoting`, `idEmployee`,`idCompany`,`previousDay`,`previousDayScore`,`currentDay`,`currentDayScore`) VALUES (282, 1, 1, '2023-10-07', 4, '2023-10-08', 3);
INSERT INTO `tripulaciones`.`tbVotingFeelings`(`idFeeling`,`idVoting`) VALUES (18, 282);
INSERT INTO `tripulaciones`.`tbVotingReasons`(`idVoting`,`idReason`) VALUES (282, 1);
INSERT INTO `tripulaciones`.`tbVoting`(`idVoting`, `idEmployee`,`idCompany`,`previousDay`,`previousDayScore`,`currentDay`,`currentDayScore`) VALUES (283, 1, 1, '2023-10-08', 3, '2023-10-09', 3);
INSERT INTO `tripulaciones`.`tbVoting`(`idVoting`, `idEmployee`,`idCompany`,`previousDay`,`previousDayScore`,`currentDay`,`currentDayScore`) VALUES (284, 1, 1, '2023-10-09', 3, '2023-10-10', 2);
INSERT INTO `tripulaciones`.`tbVoting`(`idVoting`, `idEmployee`,`idCompany`,`previousDay`,`previousDayScore`,`currentDay`,`currentDayScore`) VALUES (285, 1, 1, '2023-10-10', 3, '2023-10-11', 3);
INSERT INTO `tripulaciones`.`tbVotingFeelings`(`idFeeling`,`idVoting`) VALUES (28, 285);
INSERT INTO `tripulaciones`.`tbVotingReasons`(`idVoting`,`idReason`) VALUES (285, 5);
INSERT INTO `tripulaciones`.`tbVoting`(`idVoting`, `idEmployee`,`idCompany`,`previousDay`,`previousDayScore`,`currentDay`,`currentDayScore`) VALUES (286, 1, 1, '2023-10-11', 4, '2023-10-12', 2);
INSERT INTO `tripulaciones`.`tbVoting`(`idVoting`, `idEmployee`,`idCompany`,`previousDay`,`previousDayScore`,`currentDay`,`currentDayScore`) VALUES (287, 1, 1, '2023-10-12', 3, '2023-10-13', 4);
INSERT INTO `tripulaciones`.`tbVoting`(`idVoting`, `idEmployee`,`idCompany`,`previousDay`,`previousDayScore`,`currentDay`,`currentDayScore`) VALUES (288, 1, 1, '2023-10-13', 5, '2023-10-14', 3);
INSERT INTO `tripulaciones`.`tbVotingFeelings`(`idFeeling`,`idVoting`) VALUES (31, 288);
INSERT INTO `tripulaciones`.`tbVotingReasons`(`idVoting`,`idReason`) VALUES (288, 10);
INSERT INTO `tripulaciones`.`tbVotingFeelings`(`idFeeling`,`idVoting`) VALUES (18, 288);
INSERT INTO `tripulaciones`.`tbVotingReasons`(`idVoting`,`idReason`) VALUES (288, 10);
INSERT INTO `tripulaciones`.`tbVotingFeelings`(`idFeeling`,`idVoting`) VALUES (16, 288);
INSERT INTO `tripulaciones`.`tbVotingReasons`(`idVoting`,`idReason`) VALUES (288, 3);
INSERT INTO `tripulaciones`.`tbVoting`(`idVoting`, `idEmployee`,`idCompany`,`previousDay`,`previousDayScore`,`currentDay`,`currentDayScore`) VALUES (289, 1, 1, '2023-10-14', 3, '2023-10-15', 3);
INSERT INTO `tripulaciones`.`tbVoting`(`idVoting`, `idEmployee`,`idCompany`,`previousDay`,`previousDayScore`,`currentDay`,`currentDayScore`) VALUES (290, 1, 1, '2023-10-15', 1, '2023-10-16', 5);
INSERT INTO `tripulaciones`.`tbVoting`(`idVoting`, `idEmployee`,`idCompany`,`previousDay`,`previousDayScore`,`currentDay`,`currentDayScore`) VALUES (291, 1, 1, '2023-10-16', 1, '2023-10-17', 3);
INSERT INTO `tripulaciones`.`tbVotingFeelings`(`idFeeling`,`idVoting`) VALUES (22, 291);
INSERT INTO `tripulaciones`.`tbVotingReasons`(`idVoting`,`idReason`) VALUES (291, 4);
INSERT INTO `tripulaciones`.`tbVotingFeelings`(`idFeeling`,`idVoting`) VALUES (30, 291);
INSERT INTO `tripulaciones`.`tbVotingReasons`(`idVoting`,`idReason`) VALUES (291, 9);
INSERT INTO `tripulaciones`.`tbVotingFeelings`(`idFeeling`,`idVoting`) VALUES (17, 291);
INSERT INTO `tripulaciones`.`tbVotingReasons`(`idVoting`,`idReason`) VALUES (291, 4);
INSERT INTO `tripulaciones`.`tbVoting`(`idVoting`, `idEmployee`,`idCompany`,`previousDay`,`previousDayScore`,`currentDay`,`currentDayScore`) VALUES (292, 1, 1, '2023-10-17', 3, '2023-10-18', 2);
INSERT INTO `tripulaciones`.`tbVoting`(`idVoting`, `idEmployee`,`idCompany`,`previousDay`,`previousDayScore`,`currentDay`,`currentDayScore`) VALUES (293, 1, 1, '2023-10-18', 1, '2023-10-19', 4);
INSERT INTO `tripulaciones`.`tbVoting`(`idVoting`, `idEmployee`,`idCompany`,`previousDay`,`previousDayScore`,`currentDay`,`currentDayScore`) VALUES (294, 1, 1, '2023-10-19', 3, '2023-10-20', 4);
INSERT INTO `tripulaciones`.`tbVotingFeelings`(`idFeeling`,`idVoting`) VALUES (1, 294);
INSERT INTO `tripulaciones`.`tbVotingReasons`(`idVoting`,`idReason`) VALUES (294, 5);
INSERT INTO `tripulaciones`.`tbVotingFeelings`(`idFeeling`,`idVoting`) VALUES (33, 294);
INSERT INTO `tripulaciones`.`tbVotingReasons`(`idVoting`,`idReason`) VALUES (294, 6);
INSERT INTO `tripulaciones`.`tbVoting`(`idVoting`, `idEmployee`,`idCompany`,`previousDay`,`previousDayScore`,`currentDay`,`currentDayScore`) VALUES (295, 1, 1, '2023-10-20', 5, '2023-10-21', 3);
INSERT INTO `tripulaciones`.`tbVoting`(`idVoting`, `idEmployee`,`idCompany`,`previousDay`,`previousDayScore`,`currentDay`,`currentDayScore`) VALUES (296, 1, 1, '2023-10-21', 1, '2023-10-22', 2);
INSERT INTO `tripulaciones`.`tbVoting`(`idVoting`, `idEmployee`,`idCompany`,`previousDay`,`previousDayScore`,`currentDay`,`currentDayScore`) VALUES (297, 1, 1, '2023-10-22', 4, '2023-10-23', 3);
INSERT INTO `tripulaciones`.`tbVotingFeelings`(`idFeeling`,`idVoting`) VALUES (29, 297);
INSERT INTO `tripulaciones`.`tbVotingReasons`(`idVoting`,`idReason`) VALUES (297, 12);
INSERT INTO `tripulaciones`.`tbVotingFeelings`(`idFeeling`,`idVoting`) VALUES (15, 297);
INSERT INTO `tripulaciones`.`tbVotingReasons`(`idVoting`,`idReason`) VALUES (297, 12);
INSERT INTO `tripulaciones`.`tbVotingFeelings`(`idFeeling`,`idVoting`) VALUES (19, 297);
INSERT INTO `tripulaciones`.`tbVotingReasons`(`idVoting`,`idReason`) VALUES (297, 5);
INSERT INTO `tripulaciones`.`tbVoting`(`idVoting`, `idEmployee`,`idCompany`,`previousDay`,`previousDayScore`,`currentDay`,`currentDayScore`) VALUES (298, 1, 1, '2023-10-23', 3, '2023-10-24', 4);
INSERT INTO `tripulaciones`.`tbVoting`(`idVoting`, `idEmployee`,`idCompany`,`previousDay`,`previousDayScore`,`currentDay`,`currentDayScore`) VALUES (299, 1, 1, '2023-10-24', 3, '2023-10-25', 4);
INSERT INTO `tripulaciones`.`tbVoting`(`idVoting`, `idEmployee`,`idCompany`,`previousDay`,`previousDayScore`,`currentDay`,`currentDayScore`) VALUES (300, 1, 1, '2023-10-25', 3, '2023-10-26', 2);
INSERT INTO `tripulaciones`.`tbVotingFeelings`(`idFeeling`,`idVoting`) VALUES (20, 300);
INSERT INTO `tripulaciones`.`tbVotingReasons`(`idVoting`,`idReason`) VALUES (300, 11);
INSERT INTO `tripulaciones`.`tbVotingFeelings`(`idFeeling`,`idVoting`) VALUES (25, 300);
INSERT INTO `tripulaciones`.`tbVotingReasons`(`idVoting`,`idReason`) VALUES (300, 6);
INSERT INTO `tripulaciones`.`tbVoting`(`idVoting`, `idEmployee`,`idCompany`,`previousDay`,`previousDayScore`,`currentDay`,`currentDayScore`) VALUES (301, 1, 1, '2023-10-26', 4, '2023-10-27', 3);
INSERT INTO `tripulaciones`.`tbVoting`(`idVoting`, `idEmployee`,`idCompany`,`previousDay`,`previousDayScore`,`currentDay`,`currentDayScore`) VALUES (302, 1, 1, '2023-10-27', 2, '2023-10-28', 2);
INSERT INTO `tripulaciones`.`tbVoting`(`idVoting`, `idEmployee`,`idCompany`,`previousDay`,`previousDayScore`,`currentDay`,`currentDayScore`) VALUES (303, 1, 1, '2023-10-29', 3, '2023-10-30', 2);
INSERT INTO `tripulaciones`.`tbVotingFeelings`(`idFeeling`,`idVoting`) VALUES (14, 303);
INSERT INTO `tripulaciones`.`tbVotingReasons`(`idVoting`,`idReason`) VALUES (303, 3);
INSERT INTO `tripulaciones`.`tbVotingFeelings`(`idFeeling`,`idVoting`) VALUES (29, 303);
INSERT INTO `tripulaciones`.`tbVotingReasons`(`idVoting`,`idReason`) VALUES (303, 6);
INSERT INTO `tripulaciones`.`tbVoting`(`idVoting`, `idEmployee`,`idCompany`,`previousDay`,`previousDayScore`,`currentDay`,`currentDayScore`) VALUES (304, 1, 1, '2023-10-30', 2, '2023-10-31', 5);
INSERT INTO `tripulaciones`.`tbVoting`(`idVoting`, `idEmployee`,`idCompany`,`previousDay`,`previousDayScore`,`currentDay`,`currentDayScore`) VALUES (305, 1, 1, '2023-10-31', 1, '2023-11-01', 4);
INSERT INTO `tripulaciones`.`tbVoting`(`idVoting`, `idEmployee`,`idCompany`,`previousDay`,`previousDayScore`,`currentDay`,`currentDayScore`) VALUES (306, 1, 1, '2023-11-01', 1, '2023-11-02', 4);
INSERT INTO `tripulaciones`.`tbVotingFeelings`(`idFeeling`,`idVoting`) VALUES (34, 306);
INSERT INTO `tripulaciones`.`tbVotingReasons`(`idVoting`,`idReason`) VALUES (306, 7);
INSERT INTO `tripulaciones`.`tbVotingFeelings`(`idFeeling`,`idVoting`) VALUES (19, 306);
INSERT INTO `tripulaciones`.`tbVotingReasons`(`idVoting`,`idReason`) VALUES (306, 5);
INSERT INTO `tripulaciones`.`tbVotingFeelings`(`idFeeling`,`idVoting`) VALUES (5, 306);
INSERT INTO `tripulaciones`.`tbVotingReasons`(`idVoting`,`idReason`) VALUES (306, 3);
INSERT INTO `tripulaciones`.`tbVoting`(`idVoting`, `idEmployee`,`idCompany`,`previousDay`,`previousDayScore`,`currentDay`,`currentDayScore`) VALUES (307, 1, 1, '2023-11-02', 3, '2023-11-03', 5);
INSERT INTO `tripulaciones`.`tbVoting`(`idVoting`, `idEmployee`,`idCompany`,`previousDay`,`previousDayScore`,`currentDay`,`currentDayScore`) VALUES (308, 1, 1, '2023-11-03', 3, '2023-11-04', 4);
INSERT INTO `tripulaciones`.`tbVoting`(`idVoting`, `idEmployee`,`idCompany`,`previousDay`,`previousDayScore`,`currentDay`,`currentDayScore`) VALUES (309, 1, 1, '2023-11-04', 3, '2023-11-05', 4);
INSERT INTO `tripulaciones`.`tbVotingFeelings`(`idFeeling`,`idVoting`) VALUES (24, 309);
INSERT INTO `tripulaciones`.`tbVotingReasons`(`idVoting`,`idReason`) VALUES (309, 7);
INSERT INTO `tripulaciones`.`tbVoting`(`idVoting`, `idEmployee`,`idCompany`,`previousDay`,`previousDayScore`,`currentDay`,`currentDayScore`) VALUES (310, 1, 1, '2023-11-05', 3, '2023-11-06', 5);
INSERT INTO `tripulaciones`.`tbVoting`(`idVoting`, `idEmployee`,`idCompany`,`previousDay`,`previousDayScore`,`currentDay`,`currentDayScore`) VALUES (311, 1, 1, '2023-11-06', 5, '2023-11-07', 5);
INSERT INTO `tripulaciones`.`tbVoting`(`idVoting`, `idEmployee`,`idCompany`,`previousDay`,`previousDayScore`,`currentDay`,`currentDayScore`) VALUES (312, 1, 1, '2023-11-07', 3, '2023-11-08', 3);
INSERT INTO `tripulaciones`.`tbVotingFeelings`(`idFeeling`,`idVoting`) VALUES (25, 312);
INSERT INTO `tripulaciones`.`tbVotingReasons`(`idVoting`,`idReason`) VALUES (312, 3);
INSERT INTO `tripulaciones`.`tbVotingFeelings`(`idFeeling`,`idVoting`) VALUES (26, 312);
INSERT INTO `tripulaciones`.`tbVotingReasons`(`idVoting`,`idReason`) VALUES (312, 1);
INSERT INTO `tripulaciones`.`tbVotingFeelings`(`idFeeling`,`idVoting`) VALUES (31, 312);
INSERT INTO `tripulaciones`.`tbVotingReasons`(`idVoting`,`idReason`) VALUES (312, 1);
INSERT INTO `tripulaciones`.`tbVoting`(`idVoting`, `idEmployee`,`idCompany`,`previousDay`,`previousDayScore`,`currentDay`,`currentDayScore`) VALUES (313, 1, 1, '2023-11-08', 5, '2023-11-09', 3);
INSERT INTO `tripulaciones`.`tbVoting`(`idVoting`, `idEmployee`,`idCompany`,`previousDay`,`previousDayScore`,`currentDay`,`currentDayScore`) VALUES (314, 1, 1, '2023-11-09', 2, '2023-11-10', 5);
INSERT INTO `tripulaciones`.`tbVoting`(`idVoting`, `idEmployee`,`idCompany`,`previousDay`,`previousDayScore`,`currentDay`,`currentDayScore`) VALUES (315, 1, 1, '2023-11-10', 5, '2023-11-11', 4);
INSERT INTO `tripulaciones`.`tbVotingFeelings`(`idFeeling`,`idVoting`) VALUES (24, 315);
INSERT INTO `tripulaciones`.`tbVotingReasons`(`idVoting`,`idReason`) VALUES (315, 6);
INSERT INTO `tripulaciones`.`tbVotingFeelings`(`idFeeling`,`idVoting`) VALUES (34, 315);
INSERT INTO `tripulaciones`.`tbVotingReasons`(`idVoting`,`idReason`) VALUES (315, 1);
INSERT INTO `tripulaciones`.`tbVoting`(`idVoting`, `idEmployee`,`idCompany`,`previousDay`,`previousDayScore`,`currentDay`,`currentDayScore`) VALUES (316, 1, 1, '2023-11-11', 1, '2023-11-12', 3);
INSERT INTO `tripulaciones`.`tbVoting`(`idVoting`, `idEmployee`,`idCompany`,`previousDay`,`previousDayScore`,`currentDay`,`currentDayScore`) VALUES (317, 1, 1, '2023-11-12', 3, '2023-11-13', 3);
INSERT INTO `tripulaciones`.`tbVoting`(`idVoting`, `idEmployee`,`idCompany`,`previousDay`,`previousDayScore`,`currentDay`,`currentDayScore`) VALUES (318, 1, 1, '2023-11-13', 3, '2023-11-14', 3);
INSERT INTO `tripulaciones`.`tbVotingFeelings`(`idFeeling`,`idVoting`) VALUES (31, 318);
INSERT INTO `tripulaciones`.`tbVotingReasons`(`idVoting`,`idReason`) VALUES (318, 12);
INSERT INTO `tripulaciones`.`tbVoting`(`idVoting`, `idEmployee`,`idCompany`,`previousDay`,`previousDayScore`,`currentDay`,`currentDayScore`) VALUES (319, 1, 1, '2023-11-14', 1, '2023-11-15', 1);
INSERT INTO `tripulaciones`.`tbVoting`(`idVoting`, `idEmployee`,`idCompany`,`previousDay`,`previousDayScore`,`currentDay`,`currentDayScore`) VALUES (320, 1, 1, '2023-11-15', 3, '2023-11-16', 3);
INSERT INTO `tripulaciones`.`tbVoting`(`idVoting`, `idEmployee`,`idCompany`,`previousDay`,`previousDayScore`,`currentDay`,`currentDayScore`) VALUES (321, 1, 1, '2023-11-16', 5, '2023-11-17', 2);
INSERT INTO `tripulaciones`.`tbVotingFeelings`(`idFeeling`,`idVoting`) VALUES (32, 321);
INSERT INTO `tripulaciones`.`tbVotingReasons`(`idVoting`,`idReason`) VALUES (321, 9);
INSERT INTO `tripulaciones`.`tbVotingFeelings`(`idFeeling`,`idVoting`) VALUES (20, 321);
INSERT INTO `tripulaciones`.`tbVotingReasons`(`idVoting`,`idReason`) VALUES (321, 1);
INSERT INTO `tripulaciones`.`tbVotingFeelings`(`idFeeling`,`idVoting`) VALUES (30, 321);
INSERT INTO `tripulaciones`.`tbVotingReasons`(`idVoting`,`idReason`) VALUES (321, 3);
INSERT INTO `tripulaciones`.`tbVoting`(`idVoting`, `idEmployee`,`idCompany`,`previousDay`,`previousDayScore`,`currentDay`,`currentDayScore`) VALUES (322, 1, 1, '2023-11-17', 3, '2023-11-18', 3);
INSERT INTO `tripulaciones`.`tbVoting`(`idVoting`, `idEmployee`,`idCompany`,`previousDay`,`previousDayScore`,`currentDay`,`currentDayScore`) VALUES (323, 1, 1, '2023-11-18', 3, '2023-11-19', 3);
INSERT INTO `tripulaciones`.`tbVoting`(`idVoting`, `idEmployee`,`idCompany`,`previousDay`,`previousDayScore`,`currentDay`,`currentDayScore`) VALUES (324, 1, 1, '2023-11-19', 3, '2023-11-20', 3);
INSERT INTO `tripulaciones`.`tbVotingFeelings`(`idFeeling`,`idVoting`) VALUES (25, 324);
INSERT INTO `tripulaciones`.`tbVotingReasons`(`idVoting`,`idReason`) VALUES (324, 12);
INSERT INTO `tripulaciones`.`tbVotingFeelings`(`idFeeling`,`idVoting`) VALUES (31, 324);
INSERT INTO `tripulaciones`.`tbVotingReasons`(`idVoting`,`idReason`) VALUES (324, 9);
INSERT INTO `tripulaciones`.`tbVotingFeelings`(`idFeeling`,`idVoting`) VALUES (23, 324);
INSERT INTO `tripulaciones`.`tbVotingReasons`(`idVoting`,`idReason`) VALUES (324, 5);
INSERT INTO `tripulaciones`.`tbVoting`(`idVoting`, `idEmployee`,`idCompany`,`previousDay`,`previousDayScore`,`currentDay`,`currentDayScore`) VALUES (325, 1, 1, '2023-11-20', 3, '2023-11-21', 3);
INSERT INTO `tripulaciones`.`tbVoting`(`idVoting`, `idEmployee`,`idCompany`,`previousDay`,`previousDayScore`,`currentDay`,`currentDayScore`) VALUES (326, 1, 1, '2023-11-21', 3, '2023-11-22', 2);
INSERT INTO `tripulaciones`.`tbVoting`(`idVoting`, `idEmployee`,`idCompany`,`previousDay`,`previousDayScore`,`currentDay`,`currentDayScore`) VALUES (327, 1, 1, '2023-11-22', 3, '2023-11-23', 5);
INSERT INTO `tripulaciones`.`tbVotingFeelings`(`idFeeling`,`idVoting`) VALUES (24, 327);
INSERT INTO `tripulaciones`.`tbVotingReasons`(`idVoting`,`idReason`) VALUES (327, 12);
INSERT INTO `tripulaciones`.`tbVoting`(`idVoting`, `idEmployee`,`idCompany`,`previousDay`,`previousDayScore`,`currentDay`,`currentDayScore`) VALUES (328, 1, 1, '2023-11-23', 3, '2023-11-24', 5);
INSERT INTO `tripulaciones`.`tbVoting`(`idVoting`, `idEmployee`,`idCompany`,`previousDay`,`previousDayScore`,`currentDay`,`currentDayScore`) VALUES (329, 1, 1, '2023-11-24', 3, '2023-11-25', 5);
INSERT INTO `tripulaciones`.`tbVoting`(`idVoting`, `idEmployee`,`idCompany`,`previousDay`,`previousDayScore`,`currentDay`,`currentDayScore`) VALUES (330, 1, 1, '2023-11-25', 4, '2023-11-26', 3);
INSERT INTO `tripulaciones`.`tbVotingFeelings`(`idFeeling`,`idVoting`) VALUES (23, 330);
INSERT INTO `tripulaciones`.`tbVotingReasons`(`idVoting`,`idReason`) VALUES (330, 12);
INSERT INTO `tripulaciones`.`tbVotingFeelings`(`idFeeling`,`idVoting`) VALUES (5, 330);
INSERT INTO `tripulaciones`.`tbVotingReasons`(`idVoting`,`idReason`) VALUES (330, 3);
INSERT INTO `tripulaciones`.`tbVoting`(`idVoting`, `idEmployee`,`idCompany`,`previousDay`,`previousDayScore`,`currentDay`,`currentDayScore`) VALUES (331, 1, 1, '2023-11-26', 3, '2023-11-27', 1);
INSERT INTO `tripulaciones`.`tbVoting`(`idVoting`, `idEmployee`,`idCompany`,`previousDay`,`previousDayScore`,`currentDay`,`currentDayScore`) VALUES (332, 1, 1, '2023-11-27', 2, '2023-11-28', 4);
INSERT INTO `tripulaciones`.`tbVoting`(`idVoting`, `idEmployee`,`idCompany`,`previousDay`,`previousDayScore`,`currentDay`,`currentDayScore`) VALUES (333, 1, 1, '2023-11-28', 3, '2023-11-29', 3);
INSERT INTO `tripulaciones`.`tbVotingFeelings`(`idFeeling`,`idVoting`) VALUES (16, 333);
INSERT INTO `tripulaciones`.`tbVotingReasons`(`idVoting`,`idReason`) VALUES (333, 9);
INSERT INTO `tripulaciones`.`tbVoting`(`idVoting`, `idEmployee`,`idCompany`,`previousDay`,`previousDayScore`,`currentDay`,`currentDayScore`) VALUES (334, 1, 1, '2023-11-29', 2, '2023-11-30', 3);
INSERT INTO `tripulaciones`.`tbVoting`(`idVoting`, `idEmployee`,`idCompany`,`previousDay`,`previousDayScore`,`currentDay`,`currentDayScore`) VALUES (335, 1, 1, '2023-11-30', 2, '2023-12-01', 2);
INSERT INTO `tripulaciones`.`tbVoting`(`idVoting`, `idEmployee`,`idCompany`,`previousDay`,`previousDayScore`,`currentDay`,`currentDayScore`) VALUES (336, 1, 1, '2023-12-01', 3, '2023-12-02', 2);
INSERT INTO `tripulaciones`.`tbVotingFeelings`(`idFeeling`,`idVoting`) VALUES (13, 336);
INSERT INTO `tripulaciones`.`tbVotingReasons`(`idVoting`,`idReason`) VALUES (336, 11);
INSERT INTO `tripulaciones`.`tbVotingFeelings`(`idFeeling`,`idVoting`) VALUES (13, 336);
INSERT INTO `tripulaciones`.`tbVotingReasons`(`idVoting`,`idReason`) VALUES (336, 11);
INSERT INTO `tripulaciones`.`tbVoting`(`idVoting`, `idEmployee`,`idCompany`,`previousDay`,`previousDayScore`,`currentDay`,`currentDayScore`) VALUES (337, 1, 1, '2023-12-02', 3, '2023-12-03', 4);
INSERT INTO `tripulaciones`.`tbVoting`(`idVoting`, `idEmployee`,`idCompany`,`previousDay`,`previousDayScore`,`currentDay`,`currentDayScore`) VALUES (338, 1, 1, '2023-12-03', 3, '2023-12-04', 5);
INSERT INTO `tripulaciones`.`tbVoting`(`idVoting`, `idEmployee`,`idCompany`,`previousDay`,`previousDayScore`,`currentDay`,`currentDayScore`) VALUES (339, 1, 1, '2023-12-04', 3, '2023-12-05', 3);
INSERT INTO `tripulaciones`.`tbVotingFeelings`(`idFeeling`,`idVoting`) VALUES (26, 339);
INSERT INTO `tripulaciones`.`tbVotingReasons`(`idVoting`,`idReason`) VALUES (339, 7);
INSERT INTO `tripulaciones`.`tbVotingFeelings`(`idFeeling`,`idVoting`) VALUES (3, 339);
INSERT INTO `tripulaciones`.`tbVotingReasons`(`idVoting`,`idReason`) VALUES (339, 2);
INSERT INTO `tripulaciones`.`tbVotingFeelings`(`idFeeling`,`idVoting`) VALUES (16, 339);
INSERT INTO `tripulaciones`.`tbVotingReasons`(`idVoting`,`idReason`) VALUES (339, 4);
INSERT INTO `tripulaciones`.`tbVoting`(`idVoting`, `idEmployee`,`idCompany`,`previousDay`,`previousDayScore`,`currentDay`,`currentDayScore`) VALUES (340, 1, 1, '2023-12-05', 5, '2023-12-06', 5);
INSERT INTO `tripulaciones`.`tbVoting`(`idVoting`, `idEmployee`,`idCompany`,`previousDay`,`previousDayScore`,`currentDay`,`currentDayScore`) VALUES (341, 1, 1, '2023-12-06', 5, '2023-12-07', 3);
INSERT INTO `tripulaciones`.`tbVoting`(`idVoting`, `idEmployee`,`idCompany`,`previousDay`,`previousDayScore`,`currentDay`,`currentDayScore`) VALUES (342, 1, 1, '2023-12-07', 4, '2023-12-08', 2);
INSERT INTO `tripulaciones`.`tbVotingFeelings`(`idFeeling`,`idVoting`) VALUES (29, 342);
INSERT INTO `tripulaciones`.`tbVotingReasons`(`idVoting`,`idReason`) VALUES (342, 8);
INSERT INTO `tripulaciones`.`tbVotingFeelings`(`idFeeling`,`idVoting`) VALUES (34, 342);
INSERT INTO `tripulaciones`.`tbVotingReasons`(`idVoting`,`idReason`) VALUES (342, 11);
INSERT INTO `tripulaciones`.`tbVotingFeelings`(`idFeeling`,`idVoting`) VALUES (34, 342);
INSERT INTO `tripulaciones`.`tbVotingReasons`(`idVoting`,`idReason`) VALUES (342, 2);
INSERT INTO `tripulaciones`.`tbVoting`(`idVoting`, `idEmployee`,`idCompany`,`previousDay`,`previousDayScore`,`currentDay`,`currentDayScore`) VALUES (343, 1, 1, '2023-12-08', 3, '2023-12-09', 1);
INSERT INTO `tripulaciones`.`tbVoting`(`idVoting`, `idEmployee`,`idCompany`,`previousDay`,`previousDayScore`,`currentDay`,`currentDayScore`) VALUES (344, 1, 1, '2023-12-09', 1, '2023-12-10', 3);
INSERT INTO `tripulaciones`.`tbVoting`(`idVoting`, `idEmployee`,`idCompany`,`previousDay`,`previousDayScore`,`currentDay`,`currentDayScore`) VALUES (345, 1, 1, '2023-12-10', 1, '2023-12-11', 5);
INSERT INTO `tripulaciones`.`tbVotingFeelings`(`idFeeling`,`idVoting`) VALUES (29, 345);
INSERT INTO `tripulaciones`.`tbVotingReasons`(`idVoting`,`idReason`) VALUES (345, 2);
INSERT INTO `tripulaciones`.`tbVoting`(`idVoting`, `idEmployee`,`idCompany`,`previousDay`,`previousDayScore`,`currentDay`,`currentDayScore`) VALUES (346, 1, 1, '2023-12-11', 2, '2023-12-12', 3);
INSERT INTO `tripulaciones`.`tbVoting`(`idVoting`, `idEmployee`,`idCompany`,`previousDay`,`previousDayScore`,`currentDay`,`currentDayScore`) VALUES (347, 1, 1, '2023-12-12', 4, '2023-12-13', 4);
INSERT INTO `tripulaciones`.`tbVoting`(`idVoting`, `idEmployee`,`idCompany`,`previousDay`,`previousDayScore`,`currentDay`,`currentDayScore`) VALUES (348, 1, 1, '2023-12-13', 1, '2023-12-14', 3);
INSERT INTO `tripulaciones`.`tbVotingFeelings`(`idFeeling`,`idVoting`) VALUES (30, 348);
INSERT INTO `tripulaciones`.`tbVotingReasons`(`idVoting`,`idReason`) VALUES (348, 10);
INSERT INTO `tripulaciones`.`tbVotingFeelings`(`idFeeling`,`idVoting`) VALUES (14, 348);
INSERT INTO `tripulaciones`.`tbVotingReasons`(`idVoting`,`idReason`) VALUES (348, 1);
INSERT INTO `tripulaciones`.`tbVoting`(`idVoting`, `idEmployee`,`idCompany`,`previousDay`,`previousDayScore`,`currentDay`,`currentDayScore`) VALUES (349, 1, 1, '2023-12-14', 2, '2023-12-15', 3);
INSERT INTO `tripulaciones`.`tbVoting`(`idVoting`, `idEmployee`,`idCompany`,`previousDay`,`previousDayScore`,`currentDay`,`currentDayScore`) VALUES (350, 1, 1, '2023-12-15', 3, '2023-12-16', 4);
INSERT INTO `tripulaciones`.`tbVoting`(`idVoting`, `idEmployee`,`idCompany`,`previousDay`,`previousDayScore`,`currentDay`,`currentDayScore`) VALUES (351, 1, 1, '2023-12-16', 3, '2023-12-17', 4);
INSERT INTO `tripulaciones`.`tbVotingFeelings`(`idFeeling`,`idVoting`) VALUES (5, 351);
INSERT INTO `tripulaciones`.`tbVotingReasons`(`idVoting`,`idReason`) VALUES (351, 3);
INSERT INTO `tripulaciones`.`tbVoting`(`idVoting`, `idEmployee`,`idCompany`,`previousDay`,`previousDayScore`,`currentDay`,`currentDayScore`) VALUES (352, 1, 1, '2023-12-17', 1, '2023-12-18', 3);
INSERT INTO `tripulaciones`.`tbVoting`(`idVoting`, `idEmployee`,`idCompany`,`previousDay`,`previousDayScore`,`currentDay`,`currentDayScore`) VALUES (353, 1, 1, '2023-12-18', 1, '2023-12-19', 2);
INSERT INTO `tripulaciones`.`tbVoting`(`idVoting`, `idEmployee`,`idCompany`,`previousDay`,`previousDayScore`,`currentDay`,`currentDayScore`) VALUES (354, 1, 1, '2023-12-19', 3, '2023-12-20', 3);
INSERT INTO `tripulaciones`.`tbVotingFeelings`(`idFeeling`,`idVoting`) VALUES (14, 354);
INSERT INTO `tripulaciones`.`tbVotingReasons`(`idVoting`,`idReason`) VALUES (354, 6);
INSERT INTO `tripulaciones`.`tbVotingFeelings`(`idFeeling`,`idVoting`) VALUES (19, 354);
INSERT INTO `tripulaciones`.`tbVotingReasons`(`idVoting`,`idReason`) VALUES (354, 5);
INSERT INTO `tripulaciones`.`tbVoting`(`idVoting`, `idEmployee`,`idCompany`,`previousDay`,`previousDayScore`,`currentDay`,`currentDayScore`) VALUES (355, 1, 1, '2023-12-20', 1, '2023-12-21', 3);
INSERT INTO `tripulaciones`.`tbVoting`(`idVoting`, `idEmployee`,`idCompany`,`previousDay`,`previousDayScore`,`currentDay`,`currentDayScore`) VALUES (356, 1, 1, '2023-12-21', 1, '2023-12-22', 1);
INSERT INTO `tripulaciones`.`tbVoting`(`idVoting`, `idEmployee`,`idCompany`,`previousDay`,`previousDayScore`,`currentDay`,`currentDayScore`) VALUES (357, 1, 1, '2023-12-22', 2, '2023-12-23', 5);
INSERT INTO `tripulaciones`.`tbVotingFeelings`(`idFeeling`,`idVoting`) VALUES (11, 357);
INSERT INTO `tripulaciones`.`tbVotingReasons`(`idVoting`,`idReason`) VALUES (357, 4);
INSERT INTO `tripulaciones`.`tbVotingFeelings`(`idFeeling`,`idVoting`) VALUES (20, 357);
INSERT INTO `tripulaciones`.`tbVotingReasons`(`idVoting`,`idReason`) VALUES (357, 8);
INSERT INTO `tripulaciones`.`tbVotingFeelings`(`idFeeling`,`idVoting`) VALUES (26, 357);
INSERT INTO `tripulaciones`.`tbVotingReasons`(`idVoting`,`idReason`) VALUES (357, 9);
INSERT INTO `tripulaciones`.`tbVoting`(`idVoting`, `idEmployee`,`idCompany`,`previousDay`,`previousDayScore`,`currentDay`,`currentDayScore`) VALUES (358, 1, 1, '2023-12-23', 5, '2023-12-24', 1);
INSERT INTO `tripulaciones`.`tbVoting`(`idVoting`, `idEmployee`,`idCompany`,`previousDay`,`previousDayScore`,`currentDay`,`currentDayScore`) VALUES (359, 1, 1, '2023-12-24', 5, '2023-12-25', 3);
INSERT INTO `tripulaciones`.`tbVoting`(`idVoting`, `idEmployee`,`idCompany`,`previousDay`,`previousDayScore`,`currentDay`,`currentDayScore`) VALUES (360, 1, 1, '2023-12-25', 5, '2023-12-26', 1);
INSERT INTO `tripulaciones`.`tbVotingFeelings`(`idFeeling`,`idVoting`) VALUES (23, 360);
INSERT INTO `tripulaciones`.`tbVotingReasons`(`idVoting`,`idReason`) VALUES (360, 10);
INSERT INTO `tripulaciones`.`tbVotingFeelings`(`idFeeling`,`idVoting`) VALUES (15, 360);
INSERT INTO `tripulaciones`.`tbVotingReasons`(`idVoting`,`idReason`) VALUES (360, 3);
INSERT INTO `tripulaciones`.`tbVotingFeelings`(`idFeeling`,`idVoting`) VALUES (28, 360);
INSERT INTO `tripulaciones`.`tbVotingReasons`(`idVoting`,`idReason`) VALUES (360, 4);
INSERT INTO `tripulaciones`.`tbVoting`(`idVoting`, `idEmployee`,`idCompany`,`previousDay`,`previousDayScore`,`currentDay`,`currentDayScore`) VALUES (361, 1, 1, '2023-12-26', 3, '2023-12-27', 1);
INSERT INTO `tripulaciones`.`tbVoting`(`idVoting`, `idEmployee`,`idCompany`,`previousDay`,`previousDayScore`,`currentDay`,`currentDayScore`) VALUES (362, 1, 1, '2023-12-27', 5, '2023-12-28', 4);
INSERT INTO `tripulaciones`.`tbVoting`(`idVoting`, `idEmployee`,`idCompany`,`previousDay`,`previousDayScore`,`currentDay`,`currentDayScore`) VALUES (363, 1, 1, '2023-12-28', 3, '2023-12-29', 3);
INSERT INTO `tripulaciones`.`tbVotingFeelings`(`idFeeling`,`idVoting`) VALUES (7, 363);
INSERT INTO `tripulaciones`.`tbVotingReasons`(`idVoting`,`idReason`) VALUES (363, 12);
INSERT INTO `tripulaciones`.`tbVotingFeelings`(`idFeeling`,`idVoting`) VALUES (24, 363);
INSERT INTO `tripulaciones`.`tbVotingReasons`(`idVoting`,`idReason`) VALUES (363, 10);
INSERT INTO `tripulaciones`.`tbVotingFeelings`(`idFeeling`,`idVoting`) VALUES (28, 363);
INSERT INTO `tripulaciones`.`tbVotingReasons`(`idVoting`,`idReason`) VALUES (363, 2);
INSERT INTO `tripulaciones`.`tbVoting`(`idVoting`, `idEmployee`,`idCompany`,`previousDay`,`previousDayScore`,`currentDay`,`currentDayScore`) VALUES (364, 1, 1, '2023-12-29', 5, '2023-12-30', 2);
INSERT INTO `tripulaciones`.`tbVoting`(`idVoting`, `idEmployee`,`idCompany`,`previousDay`,`previousDayScore`,`currentDay`,`currentDayScore`) VALUES (365, 1, 1, '2023-12-30', 3, '2023-12-31', 4);
INSERT INTO `tripulaciones`.`tbVoting`(`idVoting`, `idEmployee`,`idCompany`,`previousDay`,`previousDayScore`,`currentDay`,`currentDayScore`) VALUES (366, 1, 1, '2023-12-31', 3, '2024-01-01', 3);
INSERT INTO `tripulaciones`.`tbVotingFeelings`(`idFeeling`,`idVoting`) VALUES (21, 366);
INSERT INTO `tripulaciones`.`tbVotingReasons`(`idVoting`,`idReason`) VALUES (366, 2);
INSERT INTO `tripulaciones`.`tbVotingFeelings`(`idFeeling`,`idVoting`) VALUES (10, 366);
INSERT INTO `tripulaciones`.`tbVotingReasons`(`idVoting`,`idReason`) VALUES (366, 11);
INSERT INTO `tripulaciones`.`tbVoting`(`idVoting`, `idEmployee`,`idCompany`,`previousDay`,`previousDayScore`,`currentDay`,`currentDayScore`) VALUES (367, 1, 1, '2024-01-01', 4, '2024-01-02', 3);
INSERT INTO `tripulaciones`.`tbVoting`(`idVoting`, `idEmployee`,`idCompany`,`previousDay`,`previousDayScore`,`currentDay`,`currentDayScore`) VALUES (368, 1, 1, '2024-01-02', 3, '2024-01-03', 5);
INSERT INTO `tripulaciones`.`tbVoting`(`idVoting`, `idEmployee`,`idCompany`,`previousDay`,`previousDayScore`,`currentDay`,`currentDayScore`) VALUES (369, 1, 1, '2024-01-03', 4, '2024-01-04', 4);
INSERT INTO `tripulaciones`.`tbVotingFeelings`(`idFeeling`,`idVoting`) VALUES (15, 369);
INSERT INTO `tripulaciones`.`tbVotingReasons`(`idVoting`,`idReason`) VALUES (369, 1);
INSERT INTO `tripulaciones`.`tbVotingFeelings`(`idFeeling`,`idVoting`) VALUES (26, 369);
INSERT INTO `tripulaciones`.`tbVotingReasons`(`idVoting`,`idReason`) VALUES (369, 11);
INSERT INTO `tripulaciones`.`tbVoting`(`idVoting`, `idEmployee`,`idCompany`,`previousDay`,`previousDayScore`,`currentDay`,`currentDayScore`) VALUES (370, 1, 1, '2024-01-04', 1, '2024-01-05', 5);
INSERT INTO `tripulaciones`.`tbVoting`(`idVoting`, `idEmployee`,`idCompany`,`previousDay`,`previousDayScore`,`currentDay`,`currentDayScore`) VALUES (371, 1, 1, '2024-01-05', 3, '2024-01-06', 4);
INSERT INTO `tripulaciones`.`tbVoting`(`idVoting`, `idEmployee`,`idCompany`,`previousDay`,`previousDayScore`,`currentDay`,`currentDayScore`) VALUES (372, 1, 1, '2024-01-06', 3, '2024-01-07', 2);
INSERT INTO `tripulaciones`.`tbVotingFeelings`(`idFeeling`,`idVoting`) VALUES (19, 372);
INSERT INTO `tripulaciones`.`tbVotingReasons`(`idVoting`,`idReason`) VALUES (372, 4);
INSERT INTO `tripulaciones`.`tbVotingFeelings`(`idFeeling`,`idVoting`) VALUES (28, 372);
INSERT INTO `tripulaciones`.`tbVotingReasons`(`idVoting`,`idReason`) VALUES (372, 9);
INSERT INTO `tripulaciones`.`tbVotingFeelings`(`idFeeling`,`idVoting`) VALUES (20, 372);
INSERT INTO `tripulaciones`.`tbVotingReasons`(`idVoting`,`idReason`) VALUES (372, 10);
INSERT INTO `tripulaciones`.`tbVoting`(`idVoting`, `idEmployee`,`idCompany`,`previousDay`,`previousDayScore`,`currentDay`,`currentDayScore`) VALUES (373, 1, 1, '2024-01-07', 5, '2024-01-08', 3);
INSERT INTO `tripulaciones`.`tbVoting`(`idVoting`, `idEmployee`,`idCompany`,`previousDay`,`previousDayScore`,`currentDay`,`currentDayScore`) VALUES (374, 1, 1, '2024-01-08', 4, '2024-01-09', 4);
INSERT INTO `tripulaciones`.`tbVoting`(`idVoting`, `idEmployee`,`idCompany`,`previousDay`,`previousDayScore`,`currentDay`,`currentDayScore`) VALUES (375, 1, 1, '2024-01-09', 4, '2024-01-10', 5);
INSERT INTO `tripulaciones`.`tbVotingFeelings`(`idFeeling`,`idVoting`) VALUES (22, 375);
INSERT INTO `tripulaciones`.`tbVotingReasons`(`idVoting`,`idReason`) VALUES (375, 6);
INSERT INTO `tripulaciones`.`tbVotingFeelings`(`idFeeling`,`idVoting`) VALUES (27, 375);
INSERT INTO `tripulaciones`.`tbVotingReasons`(`idVoting`,`idReason`) VALUES (375, 12);
INSERT INTO `tripulaciones`.`tbVoting`(`idVoting`, `idEmployee`,`idCompany`,`previousDay`,`previousDayScore`,`currentDay`,`currentDayScore`) VALUES (376, 1, 1, '2024-01-10', 3, '2024-01-11', 3);
INSERT INTO `tripulaciones`.`tbVoting`(`idVoting`, `idEmployee`,`idCompany`,`previousDay`,`previousDayScore`,`currentDay`,`currentDayScore`) VALUES (377, 1, 1, '2024-01-11', 3, '2024-01-12', 3);
INSERT INTO `tripulaciones`.`tbVoting`(`idVoting`, `idEmployee`,`idCompany`,`previousDay`,`previousDayScore`,`currentDay`,`currentDayScore`) VALUES (378, 1, 1, '2024-01-12', 3, '2024-01-13', 4);
INSERT INTO `tripulaciones`.`tbVotingFeelings`(`idFeeling`,`idVoting`) VALUES (33, 378);
INSERT INTO `tripulaciones`.`tbVotingReasons`(`idVoting`,`idReason`) VALUES (378, 3);
INSERT INTO `tripulaciones`.`tbVotingFeelings`(`idFeeling`,`idVoting`) VALUES (27, 378);
INSERT INTO `tripulaciones`.`tbVotingReasons`(`idVoting`,`idReason`) VALUES (378, 5);
INSERT INTO `tripulaciones`.`tbVotingFeelings`(`idFeeling`,`idVoting`) VALUES (34, 378);
INSERT INTO `tripulaciones`.`tbVotingReasons`(`idVoting`,`idReason`) VALUES (378, 5);
INSERT INTO `tripulaciones`.`tbVoting`(`idVoting`, `idEmployee`,`idCompany`,`previousDay`,`previousDayScore`,`currentDay`,`currentDayScore`) VALUES (379, 1, 1, '2024-01-13', 1, '2024-01-14', 4);
INSERT INTO `tripulaciones`.`tbVoting`(`idVoting`, `idEmployee`,`idCompany`,`previousDay`,`previousDayScore`,`currentDay`,`currentDayScore`) VALUES (380, 1, 1, '2024-01-14', 5, '2024-01-15', 3);
INSERT INTO `tripulaciones`.`tbVoting`(`idVoting`, `idEmployee`,`idCompany`,`previousDay`,`previousDayScore`,`currentDay`,`currentDayScore`) VALUES (381, 1, 1, '2024-01-15', 2, '2024-01-16', 3);
INSERT INTO `tripulaciones`.`tbVotingFeelings`(`idFeeling`,`idVoting`) VALUES (17, 381);
INSERT INTO `tripulaciones`.`tbVotingReasons`(`idVoting`,`idReason`) VALUES (381, 2);
INSERT INTO `tripulaciones`.`tbVotingFeelings`(`idFeeling`,`idVoting`) VALUES (27, 381);
INSERT INTO `tripulaciones`.`tbVotingReasons`(`idVoting`,`idReason`) VALUES (381, 6);
INSERT INTO `tripulaciones`.`tbVotingFeelings`(`idFeeling`,`idVoting`) VALUES (23, 381);
INSERT INTO `tripulaciones`.`tbVotingReasons`(`idVoting`,`idReason`) VALUES (381, 1);
